,Year,Kilometers_Driven,Fuel_Type,Transmission,Owner_Type,Mileage,Engine,Power,Seats
0,18,40929,1,2,1,32.26,998.0,58.2,4
1,17,54493,2,2,2,24.7,796.0,47.3,5
2,21,34000,3,2,1,13.68,2393.0,147.8,7
3,16,139000,3,2,1,23.59,1364.0,73.0,5
4,18,29000,2,2,1,18.5,1197.0,82.85,5
5,20,85609,3,2,2,16.0,2179.0,140.0,7
6,19,59000,3,1,1,12.55,2982.0,168.7,7
7,17,65000,2,2,1,21.1,814.0,55.2,5
8,15,66000,2,2,2,17.0,1497.0,118.0,5
9,19,54684,3,2,1,15.1,2179.0,140.0,7
10,16,78000,3,1,2,12.8,1968.0,167.6,5
11,20,21000,2,2,1,18.9,1197.0,82.0,5
12,11,90000,2,2,3,13.4,1794.0,125.0,5
13,12,87628,3,2,1,17.8,1248.0,75.0,5
14,18,45000,2,2,1,13.24,1598.0,102.5,5
15,17,30788,3,1,1,17.05,1995.0,184.0,5
16,19,39524,3,1,1,19.59,1995.0,184.0,5
17,13,140000,3,2,1,13.8,1399.0,68.0,5
18,23,15409,2,1,1,22.0,1197.0,81.8,5
19,19,36502,2,2,1,17.5,1298.0,85.8,5
20,20,200000,3,2,1,23.2,1248.0,73.94,5
21,14,70000,2,2,1,18.06,1198.0,75.0,5
22,21,36701,2,2,1,24.7,796.0,47.3,5
23,13,72000,2,2,2,17.5,1896.0,157.75,5
24,15,40000,2,2,2,15.5,1799.0,132.0,5
25,9,47000,2,2,2,13.8,1299.0,70.0,5
26,10,93500,2,2,2,19.7,796.0,46.3,5
27,19,52000,3,2,1,27.3,1498.0,98.6,5
28,19,55429,3,1,2,21.66,1498.0,103.52,5
29,15,133000,2,2,2,17.0,1197.0,80.0,5
30,18,70000,3,2,2,23.59,1364.0,67.06,5
31,18,68000,3,2,1,15.11,1598.0,103.6,5
32,14,71000,2,2,2,19.81,1086.0,68.05,5
33,16,121000,3,2,1,10.5,2835.0,107.2,6
34,19,107000,3,2,1,23.4,1248.0,74.0,5
35,19,51000,2,2,1,19.1,1197.0,85.8,5
36,21,13500,2,1,1,14.84,1598.0,103.52,5
37,20,13000,2,2,1,15.29,1591.0,121.3,5
38,14,81000,3,2,1,12.8,2494.0,102.0,8
39,16,66889,3,1,1,22.48,1995.0,190.0,5
40,22,32000,3,2,1,27.39,1248.0,74.0,5
41,17,87001,3,1,1,17.11,1968.0,174.33,5
42,17,55000,3,1,2,16.55,1968.0,140.0,5
43,22,4000,2,2,1,15.41,1598.0,103.52,5
44,21,27778,3,2,1,24.52,1248.0,88.5,7
45,21,5000,2,2,1,20.73,1373.0,91.1,5
46,18,72000,2,2,1,20.73,1373.0,91.1,5
47,19,21000,3,1,1,20.0,2143.0,136.0,5
48,19,59299,3,2,1,12.99,2494.0,100.6,7
49,18,75000,3,1,1,18.88,1995.0,184.0,5
50,23,3413,2,2,1,24.7,796.0,47.3,5
51,18,62000,3,2,1,22.7,1498.0,89.84,5
52,14,105001,3,1,1,11.4,2953.0,153.86,7
53,17,89000,3,1,1,14.16,1968.0,174.3,5
54,18,21000,2,2,1,17.01,1591.0,121.3,5
55,18,50000,3,2,1,15.1,2179.0,140.0,7
56,20,70687,3,2,1,24.3,1248.0,88.5,5
57,20,104350,3,2,1,23.59,1364.0,67.04,5
58,15,150000,3,2,2,19.09,1396.0,69.0,5
59,12,81000,2,2,1,17.7,1497.0,78.0,5
60,12,89000,2,2,2,14.53,1798.0,138.1,5
61,21,35223,2,2,1,18.9,1197.0,82.0,5
62,19,48000,2,2,1,18.6,1197.0,81.83,5
63,19,60000,3,2,1,20.14,1498.0,88.8,5
64,22,7000,2,2,1,23.0,998.0,67.0,5
65,19,47572,2,2,1,18.2,1199.0,82.5,5
66,14,72727,3,2,2,15.4,2179.0,120.0,8
67,22,4708,3,2,1,21.66,1498.0,108.62,5
68,13,55000,2,2,2,18.9,998.0,67.1,5
69,17,44198,2,2,2,18.4,1198.0,86.8,5
70,19,35000,2,2,1,16.02,1373.0,93.7,7
71,17,63831,2,2,1,0.0,1086.0,62.0,5
72,21,17540,2,2,1,18.16,1196.0,86.8,5
73,21,14000,2,1,1,23.84,1199.0,84.0,5
74,11,47000,2,2,2,0.0,1086.0,63.0,5
75,14,75422,2,2,2,18.6,1199.0,79.4,5
76,15,67000,3,2,2,23.08,1461.0,63.1,5
77,17,79999,3,2,1,12.99,2494.0,100.0,8
78,21,5044,2,2,1,20.14,1197.0,81.86,5
79,20,31601,2,2,1,20.73,1373.0,91.1,5
80,18,70000,3,1,1,18.12,1995.0,190.0,5
81,20,16000,2,1,1,19.16,2487.0,175.67,5
82,20,31700,3,2,1,21.43,1364.0,87.2,5
83,18,76969,3,2,1,22.32,1582.0,126.32,5
84,19,37000,3,1,1,21.21,1498.0,103.2,5
85,18,23000,2,1,1,11.07,2496.0,179.5,5
86,18,59098,2,2,2,17.0,1197.0,80.0,5
87,14,142299,2,2,1,13.07,1368.0,88.76,5
88,15,75731,3,2,1,20.0,1399.0,68.0,5
89,21,69627,2,2,1,18.6,1197.0,81.83,5
90,15,49000,2,2,1,15.3,1596.0,99.6,5
91,19,25700,2,1,1,11.9,1595.0,120.7,5
92,16,80800,2,2,1,18.5,1197.0,82.85,5
93,17,110896,3,2,1,23.4,1248.0,74.0,5
94,13,62261,2,2,1,17.92,1086.0,62.1,5
95,21,27610,2,2,1,21.4,1197.0,83.1,5
96,15,89219,2,2,1,10.2,2354.0,180.0,5
97,22,6700,2,1,1,19.34,1198.0,75.94,5
98,15,51599,2,2,1,19.0,998.0,67.1,5
99,17,37489,3,2,1,22.7,1582.0,126.24,5
100,20,98000,3,2,1,17.5,1396.0,70.0,5
101,16,25183,2,2,1,26.0,624.0,35.0,4
102,19,52100,3,1,2,18.12,1995.0,190.0,5
103,18,60000,3,2,1,25.8,1498.0,98.6,5
104,17,51000,3,2,1,22.07,1199.0,73.9,5
105,16,70000,3,2,1,22.3,1248.0,74.0,5
106,19,95000,3,2,1,17.32,1968.0,138.13,5
107,18,66346,3,2,1,26.0,1498.0,98.6,5
108,19,69150,3,2,1,25.8,1498.0,98.6,5
109,20,31000,2,2,1,18.6,1197.0,81.83,5
110,17,49000,3,1,2,18.12,1995.0,190.0,5
111,18,63058,2,2,1,19.4,1198.0,86.8,5
112,20,22000,3,1,1,19.71,2143.0,201.15,5
113,19,73026,2,2,1,16.47,1198.0,74.0,5
114,15,21762,2,1,2,19.2,1197.0,80.0,5
115,22,29738,2,2,1,17.01,1591.0,121.3,5
116,22,16053,2,2,1,18.6,1197.0,81.83,5
117,16,61665,3,1,1,16.73,2993.0,218.0,5
118,19,51000,3,2,1,19.3,1248.0,73.9,5
119,20,34820,3,2,1,21.9,1498.0,98.6,7
120,22,12000,2,2,1,17.5,1373.0,91.1,7
121,21,32287,3,2,1,26.59,1248.0,74.0,5
122,16,121134,3,2,1,23.59,1364.0,73.0,5
123,19,74485,3,1,1,16.09,1995.0,184.0,5
124,15,63000,3,2,1,25.44,936.0,57.6,5
125,22,53190,3,1,1,18.51,1968.0,147.51,5
126,20,26900,3,1,1,12.0,2987.0,224.0,7
127,19,40000,3,1,1,19.59,1995.0,184.0,5
128,20,40587,2,2,1,18.9,1197.0,82.0,5
129,19,27000,2,2,1,18.9,1197.0,82.0,5
130,20,29108,3,2,1,23.59,1364.0,67.04,5
131,19,18000,2,2,1,19.83,1198.0,67.0,5
132,21,10500,2,2,1,20.89,1197.0,81.8,5
133,13,60000,2,2,3,19.0,998.0,66.1,5
134,15,61000,2,1,3,13.9,1799.0,130.3,5
135,21,5000,2,2,1,22.74,796.0,47.3,5
136,22,24001,3,1,1,13.6,1999.0,177.0,5
137,15,76000,3,2,1,23.0,1396.0,90.0,5
138,18,56000,2,2,1,18.88,999.0,123.24,5
139,20,30000,2,2,1,18.15,1198.0,82.0,5
140,21,44263,3,2,1,24.3,1248.0,88.5,5
141,15,97899,3,2,1,20.0,1399.0,68.0,5
142,15,157301,3,2,2,20.54,1598.0,103.6,5
143,12,135000,3,2,1,17.8,1399.0,99.6,5
144,20,35000,2,2,2,14.4,1368.0,88.8,5
145,13,106000,2,2,1,13.5,1799.0,130.0,5
146,20,121590,3,2,1,18.0,2000.0,148.0,5
147,16,64692,2,2,1,22.5,998.0,67.04,5
148,14,41000,2,2,1,20.36,1197.0,78.9,5
149,22,25143,3,1,1,22.0,1498.0,108.495,5
150,15,51000,3,2,1,20.54,1598.0,103.6,5
151,9,109000,3,2,2,13.1,1493.0,82.0,5
152,19,69062,3,2,1,22.7,1498.0,89.84,5
153,19,34386,3,1,1,16.36,2179.0,187.7,5
154,20,20185,2,2,1,21.4,1197.0,83.1,5
155,17,41585,3,2,1,24.0,1120.0,70.0,5
156,15,24000,2,2,1,21.1,814.0,55.2,5
157,20,40000,3,1,1,15.0,2143.0,204.0,5
158,16,37000,3,1,1,0.0,2987.0,165.0,5
159,19,67630,3,2,1,23.0,1498.0,98.96,5
160,20,24192,2,1,1,23.1,998.0,67.04,5
161,21,32248,3,2,1,24.3,1248.0,88.5,5
162,17,28000,3,2,1,13.0,2179.0,120.0,8
163,22,36471,2,1,1,14.8,1591.0,121.3,5
164,19,69689,2,2,1,17.3,1497.0,117.3,7
165,19,69095,3,1,1,11.3,2987.0,254.8,7
166,14,46000,2,2,1,18.5,1197.0,80.0,5
167,12,65000,2,1,3,10.13,3498.0,364.9,5
168,19,119258,3,2,1,20.64,1498.0,108.5,5
169,19,38339,3,1,1,13.0,2143.0,201.1,5
170,16,59503,2,2,1,16.78,1496.0,88.73,5
171,14,93600,3,2,3,17.0,1405.0,71.0,5
172,15,58865,2,2,1,14.3,1798.0,160.0,5
173,16,64631,2,2,1,19.7,796.0,46.3,5
174,11,124298,3,2,2,17.0,1896.0,105.0,5
175,7,50000,2,2,2,18.9,998.0,67.1,5
176,17,40001,3,2,1,21.64,1461.0,84.8,5
177,19,62659,2,2,1,19.4,1198.0,86.8,5
178,18,68138,2,2,1,20.36,1197.0,78.9,5
179,18,34000,3,1,1,15.26,2143.0,203.2,5
180,17,67000,2,2,1,15.04,1598.0,103.6,5
181,19,64141,3,2,1,24.2,1498.0,98.6,7
182,23,1000,2,2,1,24.7,796.0,47.3,5
183,17,42000,3,1,1,13.0,2143.0,201.1,5
184,13,76677,2,2,3,16.9,1497.0,100.0,5
185,17,66848,3,1,1,11.8,2967.0,246.7,5
186,11,78000,2,2,1,0.0,1086.0,62.0,5
187,14,111166,3,2,1,19.3,1248.0,73.9,5
188,11,76000,3,2,1,18.1,1493.0,110.0,5
189,16,94049,3,1,1,12.8,1968.0,167.6,5
190,18,47000,3,1,1,17.05,1995.0,184.0,5
191,10,140000,3,2,2,13.5,1405.0,115.0,5
192,19,20047,2,2,1,23.9,624.0,37.48,4
193,21,16000,3,1,1,16.77,2993.0,261.49,5
194,16,27000,2,2,1,18.5,1198.0,86.8,5
195,22,1001,2,2,1,24.7,796.0,47.3,5
196,14,89312,2,2,1,17.0,1197.0,80.0,5
197,0,65000,3,2,2,14.1,1995.0,99.6,5
198,16,93000,3,2,2,19.01,1461.0,108.45,5
199,17,48000,3,2,1,23.4,1248.0,74.0,5
200,18,64917,3,2,1,28.4,1248.0,73.75,5
201,21,19678,2,2,1,17.8,1497.0,117.3,5
202,18,12000,3,1,1,14.74,2993.0,270.9,5
203,18,41309,3,1,1,18.88,1995.0,184.0,5
204,22,25038,3,1,1,21.76,1995.0,190.0,5
205,20,68673,3,2,1,25.44,936.0,56.3,5
206,22,26343,3,1,1,19.27,2143.0,167.62,5
207,9,81245,2,2,4,16.8,796.0,34.2,8
208,16,62100,3,2,1,23.08,1461.0,63.1,5
209,17,104000,2,2,1,15.04,1598.0,103.6,5
210,18,114831,3,1,1,17.68,1968.0,174.33,5
211,14,46000,2,2,1,14.6,1368.0,88.7,5
212,18,80000,3,2,1,22.32,1582.0,126.32,5
213,20,9201,2,2,1,17.19,1197.0,81.86,5
214,17,55311,2,2,1,19.4,1198.0,86.8,5
215,19,58217,3,2,1,24.5,1498.0,98.6,7
216,17,70655,3,2,1,13.5,2477.0,175.56,7
217,19,46000,2,2,1,20.36,1197.0,78.9,5
218,18,125000,3,2,1,21.02,1248.0,88.8,5
219,18,59000,3,2,1,19.01,1461.0,108.45,5
220,17,66000,3,1,2,22.0,1582.0,126.2,5
221,13,82242,3,2,1,21.1,1248.0,73.9,5
222,16,107281,3,2,1,12.8,2494.0,102.0,8
223,19,196000,3,2,2,12.2,1948.0,68.0,10
224,19,75000,3,1,1,15.17,1968.0,181.0,5
225,15,11791,2,2,1,16.2,1172.0,68.0,5
226,17,46000,2,2,1,16.3,1797.0,147.5,5
227,15,81000,3,2,2,22.07,1199.0,73.9,5
228,19,46950,2,2,1,17.71,1197.0,78.8,5
229,21,18000,2,2,1,18.9,1197.0,82.0,5
230,20,95942,3,2,1,15.4,2179.0,120.0,7
231,20,42925,2,2,1,20.73,1373.0,91.1,5
232,18,33750,2,2,1,15.6,1196.0,70.02,5
233,20,14000,2,1,1,13.6,1598.0,181.0,4
234,19,29000,3,2,1,19.67,1582.0,126.2,5
235,19,67365,3,2,1,15.1,2179.0,140.0,7
236,18,67791,3,2,1,15.1,2179.0,140.0,7
237,20,20000,3,2,1,16.55,2498.0,105.0,6
238,15,90198,3,2,2,19.3,1248.0,73.9,5
239,14,77000,2,2,1,19.81,1086.0,68.05,5
240,21,42520,2,2,1,20.73,1373.0,91.1,5
241,13,87829,4,2,1,17.3,1061.0,57.5,5
242,21,21701,2,1,1,21.4,1197.0,83.1,5
243,12,86033,2,2,1,19.7,796.0,46.3,5
244,19,25000,2,2,1,19.1,1197.0,81.86,5
245,15,45000,3,2,1,21.43,1364.0,87.2,5
246,22,22987,2,2,1,16.47,1198.0,73.9,5
247,13,48725,2,2,1,19.81,1086.0,68.05,5
248,17,42500,2,2,1,18.9,1197.0,81.86,5
249,18,35000,2,1,1,17.1,1591.0,121.4,5
250,18,56000,3,2,2,17.8,1399.0,68.0,5
251,18,10000,3,2,1,13.49,2179.0,138.03,5
252,14,15669,2,2,1,20.92,998.0,67.1,5
253,20,55331,3,1,1,17.68,1968.0,174.33,5
254,19,44535,3,2,1,20.46,1461.0,83.8,5
255,16,74000,3,2,1,16.55,2498.0,105.0,7
256,18,77901,3,2,1,12.99,2494.0,100.6,7
257,14,58186,2,2,1,17.5,1298.0,85.8,5
258,14,30000,2,2,1,14.2,1598.0,102.0,5
259,16,90000,3,2,1,23.59,1364.0,73.0,5
260,22,14730,2,1,1,13.5,1999.0,246.74,5
261,17,40000,2,2,2,19.7,796.0,46.3,5
262,11,88107,2,2,2,15.26,1150.0,74.9,5
263,16,53226,3,2,2,20.64,1498.0,108.5,5
264,17,76000,3,2,1,25.2,1248.0,74.0,5
265,12,200000,3,2,2,12.8,2494.0,102.0,8
266,17,73000,3,1,1,14.21,2143.0,203.0,5
267,13,77200,2,2,2,13.2,1495.0,94.0,5
268,16,67000,3,1,2,15.2,1968.0,140.8,5
269,9,150000,3,2,2,14.8,2499.0,80.0,10
270,13,145278,3,2,2,11.68,2498.0,112.0,8
271,19,62083,3,2,1,21.19,1396.0,88.76,5
272,14,61696,2,2,1,13.5,1799.0,130.0,5
273,21,28000,3,2,1,23.0,1498.0,98.96,5
274,17,50142,3,1,1,14.84,2143.0,170.0,5
275,18,45000,2,1,1,13.7,1798.0,157.75,5
276,18,97513,3,2,1,21.14,1498.0,103.52,5
277,15,55000,2,1,2,12.3,1796.0,185.0,5
278,8,82000,2,2,2,16.1,796.0,37.0,4
279,17,71501,3,2,1,22.9,1248.0,74.0,5
280,21,23000,3,2,1,21.9,1498.0,98.6,7
281,19,66095,3,1,1,17.68,1968.0,174.33,5
282,18,49500,3,2,1,11.5,2982.0,171.0,7
283,13,90000,2,2,1,13.4,2362.0,164.7,5
284,21,25384,2,2,1,20.89,1197.0,81.8,5
285,20,27529,2,2,2,17.01,1591.0,121.3,5
286,16,69297,2,2,1,16.8,1497.0,116.3,5
287,13,66000,2,2,1,17.0,1497.0,118.0,5
288,16,20000,3,2,1,21.03,1461.0,65.0,5
289,19,67000,3,1,1,11.3,2987.0,254.8,7
290,19,36933,2,2,1,21.1,814.0,55.2,5
291,11,194000,3,2,1,12.99,2494.0,100.6,8
292,17,42200,3,2,1,20.77,1248.0,88.76,7
293,19,53093,3,1,2,12.07,2967.0,241.4,7
294,16,88000,2,2,3,17.0,1497.0,118.0,5
295,21,42954,2,2,1,24.07,998.0,67.1,5
296,19,106000,3,2,1,25.0,1396.0,69.0,5
297,19,41700,3,1,1,18.12,1995.0,190.0,5
298,22,34464,3,1,1,19.27,2143.0,170.0,5
299,14,15000,2,2,1,17.8,1199.0,76.8,5
300,14,70000,2,2,2,19.0,998.0,67.1,5
301,21,119256,3,2,1,16.0,2179.0,140.0,7
302,15,50036,2,2,1,17.0,1497.0,118.0,5
303,17,58000,3,2,1,12.99,2494.0,100.6,7
304,15,75000,2,2,1,18.5,1197.0,80.0,5
305,17,53313,2,2,1,20.92,998.0,67.1,5
306,19,73000,3,2,1,12.99,2494.0,100.6,8
307,17,83989,3,2,1,23.08,1461.0,63.1,5
308,19,86247,3,2,1,19.67,1582.0,126.2,5
309,20,24000,3,2,1,12.99,2494.0,100.6,8
310,14,58000,3,1,1,14.21,2143.0,203.0,5
311,19,33000,2,2,1,18.6,1197.0,81.83,5
312,9,100000,2,1,1,11.1,2354.0,142.0,5
313,21,65896,3,2,1,13.68,2393.0,147.8,7
314,20,120000,3,2,1,22.54,1396.0,88.73,5
315,17,26000,3,2,1,20.8,1461.0,64.1,5
316,16,62300,2,2,2,15.1,1196.0,73.0,5
317,16,77801,2,2,1,14.28,1798.0,138.03,5
318,19,42000,2,1,1,14.28,1798.0,138.03,5
319,17,35000,2,1,2,15.5,1595.0,120.7,5
320,20,30134,3,2,1,22.54,1396.0,88.73,5
321,16,79038,2,2,1,12.8,2354.0,177.6,5
322,13,80000,2,1,2,11.7,2354.0,177.6,5
323,16,75000,3,2,1,15.96,2523.0,62.1,7
324,14,80000,3,2,1,21.1,1248.0,73.9,5
325,18,84419,2,1,1,13.7,1798.0,157.75,5
326,17,70200,2,2,1,18.0,1198.0,86.7,5
327,17,98000,2,2,2,15.04,1598.0,103.6,5
328,20,131503,3,2,1,23.2,1248.0,73.94,5
329,15,54652,2,2,1,17.0,1497.0,118.0,5
330,14,92000,2,2,2,14.0,1595.0,102.0,5
331,14,44287,2,2,1,15.6,1196.0,70.0,5
332,19,205000,3,2,1,12.99,2494.0,100.6,7
333,19,48000,2,2,1,18.6,1197.0,81.86,5
334,20,18000,3,2,1,25.32,1198.0,77.0,6
335,12,31200,2,1,2,10.2,5998.0,616.0,5
336,13,72000,2,2,1,17.0,1497.0,118.0,5
337,13,85000,2,2,1,18.5,1197.0,80.0,5
338,14,27000,2,2,1,17.0,1497.0,118.0,5
339,16,126000,3,2,1,14.24,2755.0,174.5,7
340,21,50000,3,2,1,17.88,1405.0,48.21,5
341,17,58811,2,2,2,18.0,1198.0,86.7,5
342,17,52196,3,2,1,22.07,1199.0,73.9,5
343,21,45105,2,2,1,19.69,1198.0,67.04,5
344,19,25160,2,2,2,18.9,1197.0,82.0,5
345,21,18000,2,2,1,20.3,1199.0,84.0,5
346,11,74000,2,2,1,11.9,2354.0,144.0,5
347,13,67700,3,2,1,14.0,2498.0,112.0,7
348,19,61062,3,1,1,12.39,2179.0,147.51,5
349,20,105000,3,2,1,12.99,2494.0,100.6,7
350,17,155550,3,2,1,25.0,1396.0,69.01,5
351,20,66000,3,2,1,24.3,1248.0,88.5,5
352,16,93884,2,2,2,17.0,1497.0,118.0,5
353,13,200000,3,2,1,20.4,1248.0,91.7,5
354,20,57200,2,2,1,23.84,1199.0,84.0,5
355,17,93568,3,2,1,22.07,1199.0,73.9,5
356,18,54000,2,2,1,20.51,998.0,67.04,5
357,20,40571,3,1,1,17.01,1582.0,126.2,5
358,19,59000,3,1,1,18.25,1968.0,187.74,5
359,21,17273,3,1,1,20.68,1995.0,190.0,5
360,15,100077,3,1,2,11.4,2953.0,153.86,7
361,15,39934,2,1,1,19.2,1197.0,80.0,5
362,20,46000,3,2,1,24.3,1248.0,88.5,5
363,20,30842,2,2,1,17.0,1497.0,118.0,5
364,9,65000,2,1,2,11.7,1796.0,178.0,5
365,20,70000,3,2,1,11.1,2400.0,200.0,7
366,15,150152,3,2,2,11.5,2982.0,171.0,7
367,13,67038,2,1,1,9.1,2349.0,63.0,5
368,15,43985,1,2,1,11.88,1086.0,62.1,5
369,18,58598,3,1,1,11.2,2993.0,241.0,4
370,20,100000,3,2,1,25.0,1396.0,69.01,5
371,20,35000,3,1,1,14.16,1968.0,174.3,5
372,12,84500,2,2,1,20.36,1197.0,78.9,5
373,22,18006,2,2,1,21.4,1197.0,83.1,5
374,17,99000,3,2,1,28.4,1248.0,74.0,5
375,18,51200,2,2,1,15.1,1196.0,73.0,5
376,18,130000,3,1,1,11.0,2982.0,170.3,7
377,21,25000,3,1,1,16.38,1995.0,182.46,5
378,21,32352,2,2,1,21.4,1197.0,83.1,5
379,15,20000,2,2,1,20.36,1197.0,78.9,5
380,17,46000,3,1,2,16.55,1968.0,147.51,5
381,22,12500,2,1,1,22.0,1197.0,81.8,5
382,15,53138,3,2,3,12.8,2494.0,102.0,8
383,17,170000,3,2,2,23.4,1248.0,74.0,5
384,16,38583,3,2,1,22.9,1248.0,74.0,5
385,20,26000,2,1,1,22.5,998.0,67.0,5
386,21,22865,2,2,1,15.29,1591.0,121.3,5
387,17,45000,3,2,1,17.5,1896.0,106.0,5
388,21,62889,2,2,1,20.4,1197.0,81.8,5
389,17,153000,2,2,1,16.8,796.0,34.2,5
390,20,67000,3,2,1,28.4,1248.0,74.0,5
391,18,39000,2,1,1,15.5,1198.0,86.7,5
392,10,164000,2,2,2,13.4,1794.0,125.0,5
393,22,57178,3,2,1,19.3,1248.0,73.9,5
394,17,40000,3,1,1,17.68,1968.0,174.33,5
395,11,40000,2,2,1,18.0,995.0,62.0,5
396,11,89564,3,2,3,18.1,1493.0,110.0,5
397,16,66727,2,2,1,16.02,1373.0,93.7,7
398,17,75000,3,1,2,15.73,1968.0,174.33,5
399,21,31056,3,1,1,14.81,1998.0,163.7,5
400,15,61000,2,2,1,15.04,1598.0,103.6,5
401,20,34782,2,1,1,16.9,1197.0,82.0,5
402,16,31736,2,2,1,20.36,1197.0,78.9,5
403,18,75000,3,2,1,19.64,1461.0,108.5,5
404,18,15000,3,2,1,16.55,2498.0,105.0,6
405,20,38503,3,2,1,22.7,1498.0,89.84,5
406,21,45353,3,2,1,21.9,1498.0,98.6,7
407,19,30000,3,1,1,12.7,2179.0,187.7,5
408,15,69470,2,2,2,17.6,1496.0,88.73,5
409,12,63288,2,1,1,9.1,2349.0,180.0,5
410,21,25087,2,2,1,16.47,1198.0,74.0,5
411,19,134000,3,2,1,12.8,2494.0,102.0,7
412,19,54955,3,1,3,14.81,1998.0,163.7,5
413,21,28000,3,2,1,22.0,1582.0,126.2,5
414,19,45250,3,2,1,25.8,1498.0,98.6,5
415,16,89190,3,1,2,11.4,2993.0,245.41,7
416,21,48184,3,2,1,26.0,1498.0,98.6,5
417,19,42125,3,2,1,26.59,1248.0,74.0,5
418,21,47052,2,1,1,19.15,1198.0,75.94,5
419,15,67000,2,2,2,20.36,1197.0,78.9,5
420,15,43189,2,2,1,0.0,999.0,73.0,5
421,19,174889,3,2,1,26.59,1248.0,74.0,5
422,8,72135,2,2,1,19.7,796.0,46.3,5
423,21,17660,3,2,1,24.3,1248.0,88.5,5
424,13,120000,2,1,1,11.7,2354.0,177.6,5
425,14,29629,2,2,1,18.6,1199.0,76.8,5
426,20,69564,3,2,1,17.8,1248.0,74.0,5
427,21,34848,3,1,1,17.9,2143.0,170.0,5
428,17,61000,3,2,1,14.0,2498.0,112.0,8
429,19,21000,2,2,1,19.83,1198.0,67.0,7
430,19,27912,3,1,1,16.36,2179.0,187.7,5
431,17,62909,3,2,1,21.5,1248.0,88.8,5
432,22,33140,2,2,1,23.1,998.0,67.04,5
433,18,75000,3,1,1,21.21,1498.0,103.2,5
434,21,25571,3,2,1,22.77,1498.0,98.59,5
435,6,120000,2,2,4,12.07,999.0,63.0,5
436,20,12020,3,2,1,20.77,1248.0,88.76,7
437,18,36665,2,1,1,16.5,1198.0,86.8,5
438,22,41502,3,1,1,13.5,2477.0,175.56,7
439,15,130000,3,1,1,14.21,2143.0,203.0,5
440,21,51000,3,2,1,25.2,1248.0,74.0,5
441,12,103000,2,2,2,13.2,1495.0,94.0,5
442,16,70000,3,1,1,16.55,1968.0,147.51,5
443,14,56239,2,2,2,17.0,1497.0,118.0,5
444,20,40000,3,1,1,22.69,1995.0,190.0,5
445,22,19964,2,1,1,22.5,999.0,67.0,5
446,16,72246,3,2,1,13.6,2523.0,63.0,7
447,22,15000,3,2,1,20.5,1582.0,126.2,5
448,20,14000,2,2,4,23.9,624.0,37.48,4
449,20,22764,2,2,1,16.2,1199.0,74.0,5
450,16,65000,3,1,1,18.33,1968.0,167.7,5
451,20,45000,3,2,1,12.08,2999.0,161.0,7
452,21,32090,3,1,1,13.0,2143.0,204.0,5
453,18,83000,3,2,1,15.1,2179.0,140.0,7
454,15,70000,3,1,1,13.0,2143.0,204.0,5
455,17,68000,3,2,1,16.0,2179.0,140.0,7
456,16,105000,2,2,1,16.95,1498.0,97.7,5
457,10,88000,2,2,1,13.0,1795.0,127.0,5
458,11,93000,2,1,2,11.1,2354.0,142.0,5
459,18,107000,3,2,1,26.0,1498.0,98.6,5
460,15,141844,3,2,1,12.55,2982.0,168.5,7
461,19,32469,2,1,1,19.34,1198.0,76.0,5
462,19,56318,3,2,1,15.1,2179.0,140.0,7
463,21,26002,3,1,1,20.7,1496.0,113.98,4
464,18,83000,3,2,1,25.2,1248.0,74.0,5
465,14,80000,2,2,2,18.6,1199.0,79.4,5
466,20,56474,2,2,2,21.4,1197.0,83.1,5
467,16,26000,2,1,2,14.8,1595.0,120.69,5
468,13,49000,2,1,2,9.74,1984.0,208.0,5
469,14,64132,3,1,2,17.0,1896.0,105.0,5
470,20,41810,3,2,1,19.67,1582.0,126.2,5
471,17,60000,3,1,1,16.46,2993.0,258.0,5
472,20,22177,3,1,1,0.0,2987.0,165.0,5
473,18,100000,3,2,1,20.0,1399.0,68.05,5
474,16,75000,3,1,1,20.0,1968.0,138.1,5
475,15,68000,3,2,1,21.9,1396.0,90.0,5
476,20,43518,3,2,1,12.99,2494.0,100.0,7
477,16,39100,2,1,1,16.98,998.0,66.1,5
478,15,58000,2,2,1,17.01,1591.0,121.3,5
479,14,52000,2,2,1,17.0,1497.0,118.0,5
480,18,80000,3,1,1,13.2,1995.0,170.0,5
481,10,96000,2,2,2,18.2,998.0,67.1,5
482,14,63000,2,1,1,13.7,1798.0,157.75,5
483,18,50000,3,1,1,15.73,1968.0,174.33,5
484,18,15322,2,2,1,21.1,814.0,55.2,5
485,16,47000,2,2,1,19.4,1198.0,86.8,5
486,15,76041,3,2,1,20.54,1598.0,103.6,5
487,13,46000,2,2,1,13.2,1495.0,94.0,5
488,17,160000,3,2,2,15.96,2523.0,62.1,7
489,19,17000,3,2,2,27.62,793.0,47.0,5
490,18,56000,3,2,1,24.0,1120.0,70.0,5
491,9,35000,2,2,1,15.3,1341.0,61.0,5
492,19,54278,3,2,1,12.99,2494.0,100.6,7
493,19,39000,3,2,1,25.4,1186.0,73.97,5
494,17,40000,3,1,1,17.68,1968.0,174.33,5
495,17,41000,2,1,1,15.63,1499.0,110.4,5
496,15,30342,2,1,1,15.56,1998.0,252.0,5
497,12,88000,2,2,2,17.7,1497.0,78.0,5
498,22,9000,2,2,1,21.5,1197.0,81.8,5
499,14,70000,3,2,1,19.3,1248.0,73.9,5
500,15,46279,2,2,1,16.47,1198.0,73.9,5
501,20,105000,3,2,2,23.2,1248.0,73.94,5
502,15,130000,3,2,1,16.52,1991.0,123.7,5
503,21,30000,2,2,1,25.17,799.0,53.3,5
504,17,54000,3,2,1,19.33,1968.0,138.03,5
505,14,65000,3,2,1,20.0,1399.0,68.0,5
506,14,70000,2,2,1,17.5,1298.0,85.8,5
507,19,46000,3,1,1,13.0,2143.0,204.0,5
508,11,113000,2,2,1,18.0,995.0,62.0,5
509,20,67310,2,2,1,18.9,1197.0,82.0,5
510,23,1015,2,1,1,19.0,1199.0,88.7,5
511,15,83035,2,2,2,17.0,1497.0,118.0,5
512,19,36983,3,2,1,12.99,2494.0,100.0,7
513,14,76000,3,2,3,18.3,1991.0,147.9,5
514,23,14148,2,1,1,14.3,1598.0,103.52,5
515,15,71428,3,2,1,21.1,1248.0,73.9,5
516,19,10500,2,2,2,18.5,1197.0,85.8,5
517,14,58997,2,1,1,16.8,1497.0,118.0,5
518,19,39842,2,2,1,23.1,998.0,67.04,5
519,19,47490,1,2,1,32.26,998.0,58.2,4
520,13,45000,2,2,1,15.8,1172.0,65.0,5
521,15,80000,2,2,1,17.4,1497.0,117.3,5
522,16,56600,3,2,1,23.59,1496.0,67.04,5
523,19,55409,3,2,1,20.5,1598.0,103.5,5
524,13,77000,2,1,1,12.6,1586.0,103.3,5
525,16,58000,2,1,2,15.0,1396.0,88.67,5
526,20,59491,2,2,1,22.74,796.0,47.3,5
527,11,51000,3,2,1,10.5,2179.0,120.0,7
528,21,18725,2,2,1,21.4,1197.0,83.1,5
529,13,92000,2,1,1,11.5,2497.0,218.0,5
530,17,61450,3,2,1,21.1,1248.0,73.9,5
531,20,18592,2,2,1,20.3,998.0,68.05,5
532,17,65137,3,2,2,18.2,1248.0,73.74,7
533,15,83000,3,2,2,22.07,1199.0,73.9,5
534,17,37000,3,1,1,22.32,1582.0,126.3,5
535,21,14052,2,1,1,16.0,1497.0,117.3,7
536,15,45086,2,2,1,20.36,1197.0,78.9,5
537,20,25400,2,2,2,20.51,998.0,67.04,5
538,12,194500,3,2,1,12.8,2494.0,102.0,8
539,18,89000,3,2,1,12.8,2494.0,102.0,8
540,16,50000,3,2,1,23.5,1396.0,88.7,5
541,16,76551,2,1,1,15.0,1396.0,98.6,5
542,21,9700,2,2,1,16.2,1199.0,74.0,5
543,17,58000,2,2,1,17.01,1591.0,121.3,5
544,17,46000,2,2,2,18.5,1197.0,82.9,5
545,18,72017,3,2,1,22.7,1582.0,126.24,5
546,19,54407,3,2,1,22.77,1498.0,98.59,5
547,16,147000,3,2,1,12.99,2494.0,100.0,8
548,19,61000,3,1,1,15.73,1968.0,174.33,5
549,20,18856,2,1,1,14.3,1598.0,103.52,5
550,15,76000,3,1,1,11.2,2993.0,241.0,4
551,21,17700,3,2,1,25.32,1198.0,77.0,5
552,18,82267,3,2,1,23.08,1461.0,63.1,5
553,22,27041,2,1,1,18.0,1497.0,117.3,5
554,18,63000,2,2,2,24.07,998.0,67.1,5
555,12,61000,2,2,1,18.9,1061.0,67.0,5
556,22,28466,3,2,1,18.49,1493.0,100.0,7
557,6,80000,2,2,1,12.07,1086.0,63.0,5
558,17,35373,2,2,1,21.1,814.0,55.2,5
559,18,51000,3,2,1,11.57,2179.0,138.1,7
560,17,49000,3,1,1,17.68,1968.0,174.33,5
561,19,41000,3,2,1,22.71,1461.0,84.8,5
562,15,82831,3,2,2,12.8,2494.0,102.0,7
563,14,52000,2,2,1,17.0,1497.0,118.0,5
564,19,39736,3,2,1,25.2,1248.0,74.0,5
565,18,26500,3,2,1,19.01,1461.0,108.45,5
566,14,40000,2,2,1,22.0,1197.0,81.8,5
567,23,5752,3,2,1,16.3,1956.0,170.0,5
568,19,54000,3,2,2,19.64,1461.0,108.5,5
569,18,54841,2,2,1,22.5,998.0,67.04,5
570,18,34000,3,2,1,22.7,1498.0,89.84,5
571,16,16000,2,2,1,19.4,1198.0,86.8,5
572,13,134000,3,2,1,17.8,1399.0,99.6,5
573,21,24000,3,1,1,18.19,1968.0,174.5,5
574,17,60000,3,2,1,14.0,2498.0,112.0,8
575,19,58469,2,2,1,20.3,998.0,68.05,5
576,15,110000,3,2,2,22.07,1199.0,73.9,5
577,22,21127,2,1,1,14.62,1999.0,149.92,5
578,17,56000,2,2,1,12.4,1998.0,132.0,8
579,18,101000,3,2,1,14.02,2179.0,118.3,8
580,22,13664,2,2,1,18.6,1197.0,81.83,5
581,18,65371,3,2,1,19.01,1461.0,108.45,5
582,18,70428,2,2,1,17.0,1591.0,121.3,5
583,16,69010,3,2,1,22.32,1582.0,126.3,5
584,21,68000,2,2,1,24.7,796.0,47.3,5
585,16,45000,3,2,1,21.64,1461.0,84.8,5
586,21,55945,3,2,1,19.3,1248.0,73.9,5
587,17,70000,3,2,1,22.1,1248.0,76.9,5
588,18,12000,2,2,1,18.9,998.0,67.1,5
589,23,10660,2,1,1,14.28,1798.0,138.03,5
590,16,52052,2,2,1,16.78,1496.0,88.73,5
591,16,62940,3,1,2,14.84,2143.0,170.0,5
592,16,102000,2,2,1,17.92,1086.0,62.1,5
593,16,60000,3,2,1,20.54,1598.0,103.6,5
594,17,66000,2,1,1,17.97,1498.0,99.6,5
595,16,41000,2,2,1,18.5,1198.0,86.8,5
596,9,135000,2,1,3,10.1,2354.0,152.0,5
597,16,72000,2,1,1,16.8,1497.0,116.4,5
598,18,55000,3,1,1,11.78,2143.0,167.62,5
599,20,37354,2,2,1,18.88,999.0,123.37,5
600,20,21000,3,1,1,17.9,2143.0,201.15,5
601,19,66508,3,1,1,18.12,1995.0,190.0,5
602,17,88000,3,1,1,11.3,2987.0,254.8,7
603,16,52000,3,2,1,12.55,2982.0,169.0,7
604,21,41372,3,1,1,17.9,2143.0,136.0,5
605,21,50000,3,1,2,21.72,1498.0,108.4,5
606,16,72000,3,2,1,17.8,1248.0,74.0,5
607,17,51637,3,2,1,25.8,1498.0,98.6,5
608,13,48233,2,2,1,14.53,1798.0,138.1,5
609,20,58000,2,2,2,18.9,1197.0,82.0,5
610,19,44550,2,1,1,19.0,1199.0,88.7,5
611,17,60001,3,2,1,22.32,1582.0,126.32,5
612,18,150000,3,1,1,12.55,2982.0,168.5,7
613,19,33000,3,1,1,11.5,2987.0,210.0,5
614,20,27000,3,2,1,18.49,1493.0,100.0,5
615,19,62766,3,2,1,20.14,1498.0,88.8,5
616,14,73575,2,2,1,18.9,998.0,67.1,5
617,19,63000,3,2,1,25.8,1498.0,98.6,5
618,21,27270,3,1,1,11.36,2755.0,171.5,7
619,20,41737,3,1,1,19.27,2143.0,170.0,5
620,22,28358,3,1,1,19.27,2143.0,167.62,5
621,16,75500,3,2,2,21.1,1248.0,73.9,5
622,20,9900,2,2,1,18.7,1199.0,88.7,5
623,18,17000,2,2,1,19.4,1198.0,86.8,5
624,13,150000,3,1,2,18.48,2993.0,265.0,5
625,19,68178,3,2,1,21.38,1396.0,88.7,5
626,13,52008,2,2,1,15.3,1341.0,83.0,5
627,17,76000,3,2,1,25.44,936.0,56.3,5
628,19,48222,3,1,1,17.68,1968.0,174.33,5
629,20,100000,2,2,1,19.1,1197.0,82.0,5
630,14,68000,3,2,1,19.3,1248.0,73.9,5
631,19,76115,3,1,1,13.5,2477.0,175.56,7
632,19,36009,2,2,1,16.1,1248.0,74.0,5
633,17,142000,3,1,1,12.55,2982.0,168.5,7
634,15,70000,3,1,1,13.2,2400.0,215.0,5
635,20,34224,3,2,1,19.67,1582.0,126.2,5
636,16,50000,3,1,2,14.21,2143.0,203.0,5
637,19,30000,3,2,1,24.2,1498.0,98.6,7
638,22,22000,3,2,1,20.37,1461.0,108.45,5
639,21,4000,2,2,1,21.1,814.0,55.2,5
640,18,22230,3,2,1,11.1,2400.0,200.0,7
641,15,46000,2,1,1,16.98,998.0,66.1,5
642,17,88700,3,1,1,14.21,2143.0,203.0,5
643,19,56000,2,2,1,18.9,1197.0,82.0,5
644,18,84004,3,1,1,20.38,1968.0,143.0,5
645,19,16000,3,1,1,14.69,2993.0,258.0,5
646,19,85009,3,2,2,16.0,2179.0,140.0,7
647,18,86000,2,2,1,18.88,999.0,123.37,5
648,19,93442,3,2,1,18.2,1248.0,73.8,7
649,19,65000,3,2,1,15.4,2179.0,120.0,8
650,17,67000,2,2,1,18.5,1197.0,80.0,5
651,18,31513,3,2,1,23.08,1461.0,63.12,5
652,21,75724,3,2,1,26.59,1248.0,74.0,5
653,17,69000,2,2,1,21.1,814.0,55.2,5
654,14,65000,2,2,1,18.06,1198.0,75.0,5
655,21,27000,3,1,1,18.19,1968.0,174.5,5
656,18,56049,2,2,1,18.6,1197.0,85.8,5
657,16,96987,3,2,1,20.5,1598.0,103.5,5
658,14,65000,2,2,3,14.6,1172.0,145.0,5
659,14,69000,2,2,1,20.36,1197.0,78.9,5
660,19,33500,3,2,1,27.3,1498.0,98.6,5
661,16,93000,3,2,1,12.99,2494.0,100.0,8
662,17,64000,3,1,1,14.7,1984.0,181.0,5
663,21,48045,3,2,1,28.09,1248.0,88.5,5
664,13,94000,3,2,1,10.5,2835.0,107.2,6
665,15,60000,2,2,1,19.7,796.0,46.3,5
666,14,115000,2,2,2,16.1,1248.0,74.0,5
667,15,56000,3,1,1,13.2,1995.0,170.0,5
668,16,98472,3,2,1,23.0,1396.0,90.0,5
669,20,37800,3,2,1,19.67,1582.0,126.2,5
670,20,63617,2,2,1,14.0,796.0,35.0,5
671,15,68000,3,2,1,18.1,1493.0,110.0,5
672,21,11282,2,2,1,21.4,1197.0,83.1,5
673,17,75000,3,2,1,25.8,1498.0,98.6,5
674,18,78984,3,1,1,16.09,1995.0,184.0,5
675,20,71000,2,1,1,14.67,1798.0,177.46,5
676,18,43814,2,2,1,18.5,1198.0,86.8,5
677,15,60000,2,2,1,20.36,1197.0,78.9,5
678,11,85000,2,2,2,0.0,1086.0,63.0,5
679,19,65438,3,1,1,17.68,1968.0,174.33,5
680,18,28215,3,2,1,19.87,1461.0,83.8,5
681,23,15053,3,2,1,25.5,1498.0,98.6,5
682,19,38000,3,2,1,24.5,1498.0,98.6,7
683,16,64213,2,2,1,16.47,1198.0,73.9,5
684,21,15000,2,1,1,12.6,1950.0,191.34,5
685,15,82000,3,1,1,13.5,2987.0,282.0,5
686,13,60000,2,2,2,13.2,1495.0,94.0,5
687,16,158000,2,2,1,17.5,1298.0,85.8,5
688,11,73000,2,2,1,20.36,1197.0,78.9,5
689,17,71601,2,2,1,18.5,1198.0,86.8,5
690,19,82328,3,2,1,21.1,1248.0,73.9,5
691,15,38000,2,2,1,18.5,1198.0,86.8,5
692,18,85000,2,2,1,20.4,1197.0,81.8,5
693,16,116000,3,2,1,19.01,1461.0,108.45,5
694,12,65000,2,2,2,17.92,1086.0,62.1,5
695,22,5600,2,2,1,18.15,1198.0,82.0,5
696,16,68000,3,1,1,11.4,2953.0,153.86,7
697,14,29300,2,2,1,15.8,1172.0,65.0,5
698,22,23342,3,1,1,12.83,2179.0,147.5,5
699,21,41078,3,1,1,22.69,1995.0,190.0,5
700,18,38000,3,2,1,20.64,1498.0,108.49,5
701,17,132000,3,2,2,19.4,1405.0,70.0,5
702,19,35000,2,2,1,22.74,796.0,47.3,5
703,16,80000,3,2,1,20.0,1399.0,68.0,5
704,13,39408,3,2,1,17.8,1399.0,99.6,5
705,19,27525,2,2,1,18.7,1199.0,88.7,5
706,22,27000,3,2,1,24.0,1186.0,73.97,5
707,19,82799,3,2,1,21.14,1498.0,103.52,5
708,21,8000,2,2,1,20.89,1197.0,81.8,5
709,18,46000,3,1,2,12.55,2982.0,168.5,7
710,16,98000,3,2,1,22.32,1582.0,126.3,5
711,20,47924,2,2,1,21.1,814.0,55.2,5
712,17,39000,2,1,1,16.5,1499.0,110.0,5
713,21,33601,2,2,1,18.9,1197.0,82.0,5
714,19,85000,3,1,1,17.6,1582.0,126.2,5
715,16,54000,2,2,1,14.53,1798.0,138.1,5
716,21,35000,3,2,1,24.3,1248.0,88.5,5
717,17,80020,3,2,2,22.07,1199.0,74.0,5
718,9,87500,2,2,2,13.8,1399.0,68.0,5
719,19,59500,2,2,1,17.3,1497.0,117.3,7
720,19,76000,3,2,1,24.2,1498.0,98.6,7
721,18,43000,3,1,2,15.15,2967.0,240.0,5
722,19,41850,2,2,1,18.0,1198.0,86.7,5
723,19,52300,3,1,1,20.38,1968.0,143.0,5
724,17,31924,3,2,1,15.1,2179.0,140.0,7
725,18,77914,3,2,1,16.2,1493.0,110.0,5
726,17,70000,3,2,1,22.7,1498.0,89.84,5
727,14,94385,2,2,2,19.7,796.0,46.3,5
728,16,57000,3,2,2,23.08,1461.0,63.12,5
729,20,27039,2,2,1,20.3,998.0,68.05,5
730,19,11000,2,2,1,18.0,1198.0,86.7,5
731,20,57669,3,1,1,21.5,1498.0,108.5,5
732,15,124000,3,2,1,11.5,2982.0,171.0,7
733,21,29500,3,2,1,23.65,1248.0,88.5,5
734,4,75000,2,2,1,16.1,796.0,37.0,4
735,19,54186,2,1,1,23.1,998.0,67.04,5
736,19,36990,2,2,1,19.4,1198.0,86.8,5
737,20,90000,3,2,1,19.3,1248.0,73.9,5
738,22,23000,3,1,1,11.36,2755.0,171.5,8
739,20,23582,2,2,2,19.34,1462.0,103.0,7
740,13,87000,2,2,2,19.0,998.0,66.1,5
741,23,1000,3,2,1,20.5,1248.0,91.72,5
742,19,58634,3,2,1,28.4,1248.0,74.0,5
743,17,41377,3,2,2,22.71,1461.0,84.8,5
744,19,43000,2,2,1,21.1,814.0,55.2,5
745,19,77372,2,2,1,18.0,1198.0,86.7,5
746,10,49000,2,2,2,16.6,1388.0,68.0,5
747,19,48000,2,1,1,18.0,1497.0,117.3,5
748,16,30000,2,2,1,19.4,1198.0,86.8,5
749,16,47000,2,2,1,18.9,998.0,67.1,5
750,20,76681,3,1,1,22.7,1582.0,126.2,5
751,14,106565,2,1,1,10.2,2354.0,180.0,5
752,15,37492,2,1,1,22.5,998.0,67.0,5
753,18,72843,3,2,2,17.3,1998.0,163.7,5
754,17,55653,2,2,1,17.0,1197.0,80.0,5
755,17,35000,2,2,1,25.4,624.0,37.48,4
756,18,44000,2,2,1,15.8,1499.0,110.0,5
757,16,43200,3,2,1,19.1,1405.0,70.0,5
758,9,117000,3,2,1,18.7,1896.0,66.0,5
759,20,63961,3,1,1,13.5,2477.0,175.56,7
760,19,20000,3,1,1,20.7,1496.0,113.98,4
761,20,34000,2,2,1,19.1,1197.0,81.86,5
762,19,35000,2,2,1,18.6,1197.0,81.83,5
763,17,43000,2,2,1,18.5,1197.0,82.85,5
764,12,63193,2,2,1,20.36,1197.0,78.9,5
765,12,110000,3,2,1,12.8,2494.0,102.0,8
766,15,44547,2,2,1,16.51,1586.0,103.2,5
767,15,65000,2,2,1,17.0,1497.0,118.0,5
768,16,79000,2,2,2,18.5,1197.0,85.8,5
769,21,33000,1,2,1,32.26,998.0,58.2,4
770,18,108000,2,1,1,15.0,1396.0,98.6,5
771,22,21302,3,2,1,13.68,2393.0,147.8,8
772,18,82000,3,2,1,25.2,1248.0,74.0,5
773,18,173000,3,2,2,12.99,2494.0,100.6,8
774,17,72000,3,2,1,17.21,1493.0,100.0,7
775,18,50299,3,2,1,15.1,2179.0,140.0,7
776,18,60000,3,1,1,17.68,1968.0,174.33,5
777,15,112999,3,2,1,11.5,2982.0,171.0,7
778,14,183000,3,2,1,12.8,2494.0,102.0,7
779,20,58840,3,1,1,16.36,2179.0,187.7,5
780,18,58000,2,2,1,17.01,1591.0,121.3,5
781,15,78000,3,2,1,21.9,1396.0,90.0,5
782,22,34000,3,2,1,21.0,1968.0,141.0,5
783,16,54982,2,2,1,20.36,1197.0,78.9,5
784,12,65000,2,2,2,19.7,796.0,46.3,5
785,22,16292,2,2,1,25.17,799.0,53.3,5
786,19,11206,2,2,1,18.9,1197.0,82.0,5
787,19,32100,2,1,1,18.9,1197.0,82.0,5
788,22,22296,2,2,2,22.5,998.0,67.04,5
789,19,36113,3,2,1,22.54,1396.0,88.73,5
790,15,87000,3,1,2,13.1,2400.0,215.0,5
791,22,1001,3,2,1,19.87,1461.0,83.8,5
792,19,39822,2,1,1,18.0,1497.0,117.3,5
793,12,81814,2,2,1,16.1,1298.0,88.2,5
794,20,62000,3,2,1,19.67,1582.0,126.2,5
795,21,71000,3,2,2,26.59,1248.0,74.0,5
796,23,10452,2,1,1,19.0,1199.0,88.7,5
797,22,1520,2,2,1,23.84,1199.0,84.0,5
798,17,35315,2,2,2,19.4,1198.0,86.8,5
799,18,91722,3,2,1,25.2,1248.0,74.0,5
800,15,35976,2,2,1,17.0,1197.0,80.0,5
801,20,22000,2,2,1,25.17,799.0,53.3,5
802,15,71000,3,1,1,18.53,1968.0,187.74,5
803,18,25000,2,2,1,18.9,1197.0,82.0,5
804,14,54486,2,2,1,19.7,796.0,46.3,5
805,21,18366,2,1,1,10.8,1997.0,246.74,5
806,14,16000,2,2,1,15.0,1368.0,90.0,5
807,21,31176,2,1,1,21.9,624.0,37.48,4
808,16,88375,3,1,2,17.05,1995.0,184.0,5
809,21,34500,2,1,1,20.51,998.0,67.0,5
810,16,80000,3,2,1,12.55,2982.0,168.5,7
811,17,46000,3,2,1,22.07,1199.0,73.9,5
812,13,70000,2,1,3,13.9,1799.0,130.2,5
813,13,51000,3,1,1,14.49,2993.0,258.0,5
814,21,25000,3,1,1,16.0,2179.0,140.0,7
815,21,25132,2,1,1,14.5,1797.0,147.4,5
816,15,70000,2,2,1,14.53,1798.0,138.1,5
817,19,48913,2,2,1,24.7,796.0,47.3,5
818,18,63000,3,2,1,25.6,1498.0,98.6,5
819,15,90000,2,2,1,19.7,796.0,46.3,5
820,17,55000,2,2,1,19.4,1198.0,86.8,5
821,17,51000,2,2,1,16.47,1198.0,73.9,5
822,16,35844,2,2,2,18.5,1197.0,85.8,5
823,16,14850,2,1,1,10.0,3696.0,328.5,2
824,18,98000,3,1,1,17.68,1968.0,174.33,5
825,19,17000,2,2,1,18.6,1197.0,81.83,5
826,17,42670,3,2,1,22.32,1582.0,126.3,5
827,18,33128,3,1,1,17.54,2993.0,313.0,4
828,22,7300,2,2,2,24.07,998.0,67.1,5
829,20,53416,3,2,1,22.54,1396.0,88.73,5
830,15,47000,2,2,2,17.6,1496.0,88.73,5
831,12,72002,3,2,2,13.6,1991.0,142.0,5
832,20,47000,3,1,1,21.72,1498.0,108.4,5
833,20,47634,3,1,1,17.68,1968.0,174.33,5
834,19,62000,2,2,1,16.47,1198.0,74.0,5
835,17,65000,3,2,2,19.68,1399.0,67.0,5
836,18,92448,3,2,1,17.15,1995.0,147.9,5
837,18,68000,3,2,1,22.7,1498.0,89.84,5
838,15,87000,3,1,1,0.0,2179.0,115.0,5
839,20,108000,3,2,1,25.8,1498.0,98.6,5
840,19,60000,3,1,1,23.3,1984.0,150.0,5
841,15,82000,2,2,1,20.36,1197.0,78.9,5
842,20,26189,2,2,1,18.16,1196.0,86.8,5
843,20,26300,3,2,1,28.09,1248.0,88.5,5
844,20,35000,3,1,1,12.55,2982.0,168.7,7
845,14,67000,3,2,1,18.0,1248.0,75.0,5
846,16,42285,2,2,1,22.0,814.0,55.0,5
847,21,7000,2,2,1,18.15,1198.0,82.0,6
848,20,42000,2,2,1,18.6,1197.0,81.83,5
849,19,56967,2,2,1,17.92,1086.0,62.1,5
850,23,29566,3,1,1,17.9,2143.0,170.0,5
851,19,41836,2,2,1,20.51,998.0,67.04,5
852,22,19764,3,2,1,16.5,1493.0,70.0,7
853,13,134000,3,2,1,18.0,1248.0,75.0,5
854,22,8321,2,2,1,18.6,1197.0,81.86,5
855,19,174000,3,2,1,19.1,1405.0,70.0,5
856,6,119613,3,2,2,13.1,2446.0,75.0,10
857,21,21000,2,2,1,20.85,1197.0,83.14,5
858,19,55600,3,2,1,20.34,1498.0,103.2,5
859,18,61000,3,2,1,19.5,1248.0,75.0,5
860,17,38428,2,2,2,19.4,1198.0,86.8,5
861,13,95000,3,1,2,18.48,2993.0,200.0,5
862,16,18000,2,2,1,17.0,1197.0,80.0,5
863,23,7000,3,1,1,12.62,2198.0,158.0,7
864,20,24779,2,2,1,18.6,1197.0,81.83,5
865,23,17431,2,2,1,21.5,1197.0,81.8,5
866,12,88000,3,2,1,12.05,2179.0,120.0,8
867,19,29347,2,2,1,22.5,998.0,67.04,5
868,19,24000,3,2,1,26.21,1248.0,88.5,5
869,20,60249,3,1,1,18.25,1968.0,187.74,5
870,21,15000,2,2,1,20.73,1373.0,91.1,5
871,22,3013,3,2,1,24.4,1498.0,98.63,5
872,17,60000,3,2,1,23.59,1364.0,73.0,5
873,17,83503,3,2,1,15.1,2179.0,140.0,7
874,15,69000,3,2,2,18.3,1991.0,147.9,5
875,22,54000,2,2,1,21.1,814.0,55.2,5
876,17,49000,3,2,1,23.2,1248.0,73.94,5
877,17,86000,3,2,1,23.59,1364.0,73.0,5
878,14,36000,2,2,2,22.5,998.0,67.04,5
879,22,12899,2,2,1,15.85,1499.0,110.4,5
880,20,56839,3,1,1,19.6,1461.0,108.45,5
881,16,46972,2,2,1,22.0,1197.0,81.8,5
882,19,96012,3,2,1,14.95,2489.0,93.7,7
883,16,59311,2,2,1,18.3,1364.0,67.04,5
884,14,90000,2,1,3,10.1,2354.0,152.0,5
885,20,32835,3,2,1,20.5,1248.0,91.7,5
886,21,60739,3,1,1,17.01,1582.0,126.2,5
887,21,19476,2,1,1,19.0,1368.0,160.0,4
888,21,15000,2,2,1,18.88,999.0,123.24,5
889,15,53000,3,1,1,14.74,2993.0,270.9,5
890,20,20000,2,2,2,18.9,1197.0,82.0,5
891,12,67000,3,1,1,8.7,2987.0,224.34,5
892,13,140000,3,2,2,12.8,2494.0,102.0,7
893,15,25000,2,1,2,11.7,2354.0,177.6,5
894,11,69000,2,2,2,18.9,998.0,67.1,5
895,17,65461,3,2,1,21.9,1396.0,90.0,5
896,18,33000,2,2,1,18.6,1197.0,85.8,5
897,15,52000,2,2,1,17.0,1497.0,118.0,5
898,19,29215,2,2,1,16.47,1198.0,74.0,5
899,14,40000,4,2,2,13.2,1495.0,93.7,5
900,21,290000,3,2,1,12.4,2499.0,134.0,5
901,21,14519,2,2,1,15.4,1497.0,117.3,7
902,16,350000,3,2,1,23.4,1248.0,74.0,5
903,18,39000,3,2,1,24.2,1498.0,98.6,7
904,20,40130,2,2,1,16.02,1373.0,93.7,7
905,19,58000,3,1,1,13.5,2477.0,175.56,7
906,17,43000,3,1,1,15.0,2147.0,107.3,5
907,21,15500,1,2,1,15.1,1196.0,73.0,5
908,15,34948,2,2,1,16.09,1598.0,103.5,5
909,10,98245,2,2,3,11.3,1298.0,83.1,8
910,18,36390,3,2,1,26.0,1498.0,98.6,5
911,14,122000,2,2,1,17.5,1197.0,85.8,5
912,17,79003,3,2,1,20.54,1598.0,103.6,5
913,17,78830,3,1,2,17.0,1896.0,105.0,5
914,15,53000,2,2,1,19.4,1198.0,86.8,5
915,13,53000,2,2,2,19.0,998.0,66.1,5
916,15,82000,3,2,2,21.5,1248.0,88.8,5
917,17,95000,3,2,1,22.54,1582.0,126.2,5
918,21,18090,2,2,1,24.07,998.0,67.1,5
919,8,70332,2,2,3,19.7,796.0,46.3,5
920,22,46000,2,2,1,22.7,799.0,53.64,5
921,19,63402,3,2,1,22.7,1498.0,89.84,5
922,21,13000,3,2,1,26.0,1498.0,98.6,5
923,14,65505,3,1,1,14.94,2143.0,204.0,5
924,10,154000,2,2,3,13.2,2359.0,165.0,5
925,12,85142,2,2,2,18.0,995.0,62.0,5
926,20,45000,2,2,1,16.2,1199.0,74.0,5
927,15,48000,2,2,1,20.36,1197.0,78.9,5
928,16,77800,2,2,1,18.3,1197.0,73.0,5
929,20,39549,2,2,1,24.07,998.0,67.1,5
930,15,100922,2,1,2,10.1,2354.0,152.0,5
931,17,55000,2,1,1,17.01,1591.0,121.4,5
932,15,45000,3,1,2,14.94,2143.0,204.0,5
933,21,145000,2,1,1,18.1,1199.0,88.7,5
934,15,45000,3,2,1,14.0,2498.0,112.0,8
935,16,44000,2,1,1,12.37,2359.0,198.25,5
936,19,48000,3,2,1,21.38,1396.0,88.7,5
937,15,64139,3,2,1,12.8,2494.0,102.0,7
938,23,11574,2,2,1,0.0,1199.0,88.7,5
939,17,14311,1,2,1,30.46,796.0,47.3,5
940,20,20000,2,2,1,18.6,1197.0,81.83,5
941,22,18338,2,1,1,19.0,2996.0,362.07,2
942,23,17964,3,2,1,22.54,1396.0,88.73,5
943,16,55500,3,1,1,11.5,2982.0,169.0,7
944,12,130000,3,2,2,12.05,2179.0,120.0,8
945,20,50000,3,1,1,11.57,2987.0,254.79,5
946,19,49830,2,2,1,16.2,1199.0,74.0,5
947,13,49000,3,1,1,18.48,1995.0,177.0,5
948,17,53967,3,2,1,22.7,1498.0,89.84,5
949,15,54000,2,2,1,15.0,1586.0,104.68,5
950,13,75000,2,1,1,15.0,1396.0,100.0,5
951,20,100000,3,2,1,24.4,1120.0,71.0,5
952,19,142000,3,2,1,19.98,1461.0,108.5,8
953,16,83388,3,2,2,19.01,1461.0,108.45,5
954,16,62000,2,2,1,17.5,1298.0,85.8,5
955,20,61000,3,2,1,26.0,1498.0,98.6,5
956,15,45000,3,1,1,14.94,2967.0,241.4,5
957,17,33000,3,2,1,10.0,1796.0,157.7,5
958,18,113565,3,2,1,12.99,2494.0,100.6,8
959,12,131000,3,2,1,15.0,1896.0,105.0,5
960,19,72253,3,2,1,15.96,2523.0,62.1,7
961,20,46346,2,2,1,20.85,1197.0,83.14,5
962,20,37000,2,2,1,17.0,1497.0,118.0,5
963,23,56371,3,2,1,24.0,1186.0,73.97,5
964,20,98500,3,2,1,25.0,1396.0,69.01,5
965,19,71588,3,2,1,27.39,1248.0,74.0,5
966,18,68000,2,2,1,24.7,796.0,47.3,5
967,7,66800,2,1,2,11.2,2497.0,203.0,5
968,20,90000,3,2,1,19.3,1248.0,73.9,5
969,17,54000,3,2,1,20.45,1461.0,83.8,5
970,15,87248,2,1,2,14.74,1991.0,184.0,5
971,21,9052,2,2,1,23.1,998.0,67.04,5
972,18,67320,2,2,1,17.92,1086.0,62.1,5
973,22,28635,2,2,1,16.2,1199.0,74.0,5
974,20,78904,3,2,1,15.96,2523.0,62.1,7
975,22,16409,3,1,1,14.69,2993.0,258.0,5
976,16,61180,2,2,2,16.8,1497.0,116.3,5
977,18,59577,2,2,2,18.5,1197.0,82.85,5
978,20,24104,3,2,1,12.99,2494.0,100.0,8
979,12,69000,3,1,3,16.73,2495.0,218.0,5
980,19,35000,2,1,1,17.21,1197.0,103.6,5
981,18,75000,3,1,1,13.5,2477.0,175.56,7
982,18,98000,2,2,1,16.02,1373.0,93.7,7
983,18,51843,3,1,3,17.68,1968.0,174.33,5
984,17,80000,3,2,2,23.4,1248.0,74.0,5
985,13,110000,3,2,3,11.5,2982.0,171.0,7
986,19,75383,2,2,1,19.81,1086.0,68.05,5
987,21,31861,3,1,1,18.49,1493.0,100.0,7
988,15,57900,3,2,1,15.8,2148.0,170.0,5
989,18,48000,3,2,1,19.3,1248.0,73.9,5
990,19,33544,2,2,1,18.5,1197.0,82.85,5
991,19,65000,3,2,1,25.2,1248.0,74.0,5
992,21,103189,3,2,1,13.68,2393.0,147.8,8
993,21,35007,2,2,1,16.78,1496.0,88.73,5
994,14,98000,3,2,1,21.43,1364.0,87.2,5
995,21,25678,3,2,1,24.0,1186.0,73.97,5
996,19,65636,3,2,1,21.79,1248.0,88.73,5
997,19,21730,3,1,1,17.68,1968.0,174.33,5
998,17,46112,2,2,1,18.0,1198.0,86.7,5
999,19,20000,2,2,1,18.6,1197.0,81.83,5
1000,17,67000,3,2,1,15.1,2179.0,140.0,7
1001,20,29000,3,1,1,13.0,2143.0,204.0,5
1002,18,86000,3,2,1,24.8,1396.0,88.7,5
1003,17,34000,2,2,1,18.0,1198.0,86.7,5
1004,18,36000,3,1,1,17.11,1968.0,174.33,5
1005,17,49000,2,2,1,20.36,1197.0,78.9,5
1006,21,7000,2,2,1,20.3,1199.0,84.0,5
1007,18,60188,3,2,1,24.4,1120.0,71.0,5
1008,16,79000,3,2,1,20.0,1399.0,68.0,5
1009,16,115439,3,2,2,12.99,2494.0,100.0,7
1010,15,104500,3,2,2,23.0,1396.0,90.0,5
1011,17,35000,3,1,1,13.0,2143.0,204.0,5
1012,20,26186,3,2,1,19.67,1582.0,126.2,5
1013,16,58061,2,2,1,18.0,995.0,62.0,5
1014,15,62000,3,2,1,23.0,1396.0,90.0,5
1015,17,118000,3,2,2,23.4,1248.0,74.0,5
1016,13,65000,2,2,1,20.36,1197.0,78.9,5
1017,12,44379,2,2,1,17.92,1086.0,62.1,5
1018,21,61041,3,2,1,22.7,1498.0,89.84,5
1019,15,73000,3,2,2,17.8,1399.0,67.0,5
1020,20,57297,3,1,1,17.01,1582.0,126.2,5
1021,19,28700,2,2,2,15.29,1591.0,121.3,5
1022,17,85264,2,2,1,17.0,1497.0,118.0,5
1023,21,20000,2,1,1,20.89,1197.0,81.8,5
1024,21,11934,2,1,1,18.0,1497.0,117.3,5
1025,14,83000,2,2,1,17.0,1497.0,118.0,5
1026,17,23000,2,2,1,15.3,1596.0,99.6,5
1027,21,14927,2,2,1,18.6,1197.0,81.83,5
1028,11,158000,2,2,2,13.4,1794.0,125.0,5
1029,15,111000,3,2,3,23.08,1461.0,63.1,5
1030,15,63528,2,2,1,19.7,796.0,46.3,5
1031,19,92000,3,2,1,26.21,1248.0,88.5,5
1032,21,41200,3,2,1,28.09,1248.0,88.5,5
1033,20,39052,3,2,1,15.1,2179.0,140.0,7
1034,18,55100,3,2,1,20.45,1461.0,83.8,5
1035,15,76958,2,2,1,17.0,1197.0,80.0,5
1036,19,70419,3,2,1,23.08,1461.0,63.12,5
1037,21,21000,2,1,1,20.51,998.0,67.0,5
1038,13,64000,2,1,1,7.94,4395.0,450.0,4
1039,15,63698,2,2,2,16.8,1497.0,116.3,5
1040,20,62715,3,2,1,23.03,1396.0,69.0,5
1041,17,37922,2,2,2,19.4,1198.0,86.8,5
1042,20,52000,3,2,1,27.3,1498.0,98.6,5
1043,17,47000,3,1,1,20.0,2143.0,107.3,5
1044,13,64000,2,2,2,14.53,1798.0,138.1,5
1045,11,109000,2,2,2,13.5,1799.0,130.0,5
1046,19,19000,3,2,1,19.67,1582.0,126.2,5
1047,13,99000,2,1,2,9.74,1984.0,208.0,5
1048,9,50000,2,2,2,14.2,1389.0,88.0,5
1049,17,105000,3,1,2,12.55,2982.0,168.5,7
1050,20,24000,2,2,1,15.29,1591.0,121.3,5
1051,21,23389,3,2,1,21.66,1498.0,108.62,5
1052,13,90000,2,2,1,18.5,1197.0,80.0,5
1053,17,20000,3,1,1,17.68,1968.0,174.33,5
1054,18,62269,3,2,1,24.0,1120.0,70.0,5
1055,19,69000,3,2,1,17.32,1968.0,138.13,5
1056,19,58898,3,1,1,14.69,2993.0,258.0,5
1057,22,29110,3,1,1,26.59,1248.0,74.0,5
1058,23,34649,2,1,1,18.9,1197.0,81.86,5
1059,21,13000,3,2,1,26.0,1498.0,98.6,5
1060,19,25043,2,2,1,18.9,1197.0,81.86,5
1061,22,36611,2,1,1,19.0,1199.0,88.7,5
1062,12,150000,3,2,2,17.8,1248.0,75.0,5
1063,19,82000,2,2,1,22.5,998.0,67.04,5
1064,21,45158,3,2,2,28.09,1248.0,88.5,5
1065,20,36968,2,1,1,16.93,1197.0,103.2,5
1066,19,53556,2,2,1,20.4,1197.0,81.8,5
1067,17,78500,3,1,1,20.0,1968.0,138.1,5
1068,21,133000,3,2,1,24.4,1120.0,71.0,5
1069,21,33186,3,2,1,19.67,1582.0,126.2,5
1070,16,65000,2,1,1,11.74,1796.0,186.0,5
1071,19,61903,3,2,1,22.9,1248.0,74.0,5
1072,15,25000,2,2,1,17.6,1496.0,88.73,5
1073,11,64168,2,1,1,17.0,1086.0,63.0,5
1074,21,8044,2,2,1,20.85,1197.0,83.14,5
1075,21,18000,3,1,1,13.22,2967.0,241.4,5
1076,17,80000,2,2,1,16.8,1497.0,116.3,5
1077,20,45000,3,2,1,25.32,1198.0,77.0,5
1078,17,78835,3,2,2,14.0,2498.0,112.0,8
1079,21,30631,2,2,1,23.84,1199.0,84.0,5
1080,15,72573,3,2,1,12.05,2179.0,120.0,8
1081,20,10000,3,1,1,11.36,2755.0,171.5,7
1082,15,50215,2,2,1,18.9,998.0,67.1,5
1083,13,9999,2,2,1,16.1,796.0,37.0,4
1084,12,110000,2,2,2,13.5,1799.0,130.0,5
1085,17,81000,3,2,1,25.44,936.0,57.6,5
1086,20,11000,3,2,1,16.55,2498.0,105.0,6
1087,21,59000,2,2,1,17.57,1193.0,88.7,5
1088,19,8300,2,2,1,21.1,814.0,55.2,5
1089,20,40000,3,1,1,11.18,2696.0,184.0,7
1090,20,83500,3,2,1,19.67,1582.0,126.2,5
1091,21,22000,3,2,1,22.95,1248.0,74.0,5
1092,17,39000,2,2,1,13.7,1399.0,98.82,7
1093,17,90000,3,1,1,17.2,1968.0,138.1,5
1094,16,134487,3,2,1,21.9,1396.0,88.8,5
1095,18,65000,3,1,1,15.73,1968.0,174.33,5
1096,19,48000,3,2,1,15.4,2179.0,120.0,7
1097,15,60000,3,1,1,13.2,1995.0,170.0,5
1098,19,23742,2,1,1,15.04,1991.0,360.0,5
1099,14,60268,2,2,1,17.0,1497.0,118.0,5
1100,20,70746,3,2,1,24.3,1248.0,88.5,5
1101,18,61000,2,1,1,12.98,2494.0,178.4,5
1102,11,102000,3,2,1,17.8,1248.0,75.0,5
1103,20,25000,2,1,2,14.5,1797.0,147.4,5
1104,17,64000,3,2,1,20.46,1461.0,83.8,5
1105,14,78265,3,1,1,12.19,2967.0,236.0,5
1106,10,76560,2,2,3,15.9,1298.0,85.0,5
1107,21,10000,3,2,1,17.1,1956.0,170.0,5
1108,14,52000,2,1,1,16.8,1497.0,118.0,5
1109,22,45000,3,2,1,22.95,1248.0,74.0,5
1110,22,29562,2,2,1,21.4,1197.0,83.1,5
1111,18,32000,3,2,1,26.59,1248.0,74.0,5
1112,20,22003,2,2,1,16.2,1199.0,74.0,5
1113,21,2890,2,2,1,13.8,1998.0,192.0,5
1114,19,52000,3,1,1,13.5,2477.0,175.56,7
1115,12,100000,2,2,2,17.7,1497.0,78.0,5
1116,17,60000,2,2,2,21.1,814.0,55.2,5
1117,14,6512,2,2,1,16.0,995.0,63.0,5
1118,12,39008,2,2,1,19.7,796.0,46.3,5
1119,7,136441,2,2,1,13.4,1794.0,125.0,5
1120,16,36200,2,2,1,17.0,1197.0,80.0,5
1121,19,32506,3,2,1,24.8,1396.0,88.7,5
1122,20,67000,2,2,1,13.7,1399.0,98.79,8
1123,15,59800,2,2,2,14.6,1368.0,88.7,5
1124,19,63008,3,2,1,15.1,2179.0,140.0,7
1125,22,57804,3,1,1,24.3,1248.0,88.5,5
1126,16,37212,2,2,1,18.3,1197.0,99.6,5
1127,19,65000,3,2,1,19.67,1582.0,126.2,5
1128,13,61259,2,2,1,17.92,1086.0,62.1,5
1129,14,50000,2,1,2,15.0,1396.0,100.0,5
1130,10,183513,3,2,2,14.9,1991.0,112.2,5
1131,19,66000,3,2,1,16.0,2179.0,140.0,7
1132,16,78979,3,1,1,18.53,1968.0,187.74,5
1133,20,30010,2,2,1,23.84,1199.0,84.0,5
1134,20,27508,3,1,1,20.0,2143.0,107.3,5
1135,18,28000,2,1,1,17.1,1591.0,121.4,5
1136,18,45000,3,1,1,19.27,2143.0,167.62,5
1137,17,86107,2,1,1,8.45,2979.0,321.0,5
1138,19,49000,3,1,2,12.7,2179.0,187.7,5
1139,22,32746,2,1,1,13.0,1591.0,121.3,5
1140,17,42758,2,1,1,16.93,1197.0,103.2,5
1141,17,50000,3,1,1,23.8,1998.0,112.0,5
1142,20,90904,3,1,1,9.0,1984.0,181.0,5
1143,16,52612,3,2,1,23.08,1461.0,63.12,5
1144,19,40000,2,2,1,18.0,1198.0,86.7,5
1145,16,80724,2,1,1,12.98,2494.0,178.4,5
1146,13,62659,2,2,1,19.7,796.0,46.3,5
1147,15,72734,2,1,2,14.67,1798.0,177.46,5
1148,19,15000,2,2,1,17.5,1373.0,91.1,7
1149,18,65475,3,1,1,16.55,1968.0,147.51,5
1150,16,71000,3,2,1,20.77,1248.0,88.76,7
1151,20,16000,3,1,1,19.27,2143.0,167.62,5
1152,15,72329,2,2,1,17.5,1197.0,85.8,5
1153,20,49398,3,1,1,17.9,2143.0,136.0,5
1154,20,44147,2,2,1,17.8,1497.0,117.3,5
1155,11,45000,2,2,1,19.7,796.0,46.3,5
1156,15,75000,3,2,1,11.5,2982.0,171.0,7
1157,21,22574,3,1,1,21.76,1995.0,190.0,5
1158,20,26642,2,2,1,18.6,1197.0,81.86,5
1159,17,81304,3,2,1,25.8,1498.0,98.6,5
1160,17,46000,3,2,1,15.0,1896.0,105.0,5
1161,11,99000,2,2,1,13.0,2987.0,210.0,5
1162,16,36317,2,2,1,21.1,814.0,55.2,5
1163,12,70000,2,2,1,18.2,998.0,67.1,5
1164,13,137711,3,2,1,16.8,1493.0,110.0,5
1165,22,18980,2,1,1,17.0,1591.0,121.3,5
1166,19,31293,2,2,1,18.6,1197.0,81.83,5
1167,8,43000,2,2,2,15.4,1590.0,94.0,5
1168,20,45000,3,2,1,27.3,1498.0,98.6,5
1169,16,53000,3,2,1,20.54,1598.0,103.6,5
1170,15,30000,2,2,1,19.81,1086.0,68.05,5
1171,21,13000,3,2,1,17.1,1956.0,170.0,5
1172,17,62000,3,2,1,19.01,1461.0,108.45,5
1173,16,35161,2,2,1,17.5,1298.0,85.8,5
1174,10,75000,2,2,1,19.7,796.0,46.3,5
1175,20,53590,2,1,1,21.9,624.0,37.48,4
1176,12,71467,2,2,1,19.81,1086.0,68.05,5
1177,15,66287,2,2,1,19.7,796.0,46.3,5
1178,16,85000,3,2,2,20.0,1399.0,68.0,5
1179,16,147202,3,1,1,11.8,2993.0,241.6,7
1180,20,72566,3,2,1,26.0,1498.0,98.6,5
1181,19,190000,3,2,1,23.2,1248.0,73.94,5
1182,21,25348,2,2,1,18.9,1197.0,81.86,5
1183,18,54000,2,1,1,18.9,1197.0,82.0,5
1184,19,33000,2,2,1,18.6,1197.0,81.83,5
1185,15,58067,3,1,1,18.48,1995.0,177.0,5
1186,19,43020,3,1,1,13.0,2143.0,201.1,5
1187,18,27641,3,2,1,12.99,2494.0,100.0,7
1188,20,46372,3,2,1,26.59,1248.0,74.0,5
1189,20,27535,2,2,1,24.07,998.0,67.1,5
1190,20,55615,3,1,1,22.48,1995.0,190.0,5
1191,21,19000,3,2,1,24.3,1248.0,88.5,5
1192,14,47000,2,2,1,16.2,1599.0,103.2,5
1193,19,60595,2,2,1,17.4,1497.0,117.3,5
1194,17,170000,3,2,1,22.3,1248.0,74.0,5
1195,21,14301,3,2,1,21.19,1396.0,88.73,5
1196,19,42741,3,1,2,17.68,1968.0,174.33,5
1197,19,31000,3,1,2,15.97,2993.0,258.0,5
1198,21,11000,2,2,1,15.29,1591.0,121.3,5
1199,22,3800,3,1,1,24.3,1248.0,88.5,5
1200,13,44702,2,2,1,16.6,1388.0,68.0,5
1201,21,14300,3,1,1,28.4,1248.0,73.75,5
1202,22,31542,2,2,1,17.4,1497.0,117.3,5
1203,19,31717,2,1,1,23.1,998.0,67.04,5
1204,15,99120,3,2,1,11.5,1991.0,147.9,7
1205,20,36000,2,2,1,19.83,1198.0,67.0,5
1206,14,40000,2,2,1,13.1,1798.0,157.8,5
1207,18,41000,2,2,1,0.0,1086.0,62.0,5
1208,11,160000,3,2,2,19.2,1461.0,65.0,5
1209,20,41413,3,2,1,27.28,1047.0,69.0,5
1210,15,67500,2,1,2,14.4,1598.0,103.6,5
1211,18,30315,2,2,1,18.6,1197.0,81.83,5
1212,21,39015,2,2,1,17.0,1497.0,121.36,5
1213,22,6000,2,2,1,16.0,1368.0,160.0,5
1214,18,21143,3,1,1,16.55,1968.0,147.51,5
1215,17,42203,2,2,1,17.1,1591.0,121.3,5
1216,21,21380,3,2,1,24.3,1248.0,88.5,5
1217,22,23955,2,2,1,18.6,1197.0,81.86,5
1218,17,38568,3,2,1,25.8,1498.0,98.6,5
1219,15,64000,3,1,1,16.55,1968.0,147.51,5
1220,18,57000,2,1,1,15.5,1198.0,86.7,5
1221,21,44556,3,2,1,27.3,1498.0,98.6,5
1222,16,80000,3,1,1,16.73,2993.0,218.0,5
1223,19,39000,2,2,1,18.9,1197.0,82.0,5
1224,19,70000,3,2,1,19.87,1461.0,83.8,5
1225,13,45463,2,2,1,14.49,1399.0,92.7,5
1226,19,44776,2,2,1,18.0,1198.0,86.7,5
1227,20,18242,2,1,1,18.9,1197.0,82.0,5
1228,19,21190,2,2,1,21.1,814.0,55.2,5
1229,15,89411,3,2,1,20.54,1598.0,103.6,5
1230,19,59000,2,1,1,17.21,1197.0,103.6,5
1231,16,28000,3,2,1,23.08,1461.0,63.1,5
1232,17,52262,2,1,3,17.2,1197.0,103.6,5
1233,18,72443,3,1,1,10.0,2148.0,170.0,5
