,Price
5105,11.5
2976,3.1
21,8.25
5202,9.0
3044,1.15
1606,5.38
2027,1.5
3790,2.3
2434,3.45
2144,5.34
3177,2.0
4008,3.55
4015,16.25
929,7.0
5437,16.5
1865,3.6
5688,2.25
1563,2.96
5201,7.65
3718,3.75
769,2.2
4398,2.7
5954,19.6
2752,2.5
745,4.0
3744,2.36
3119,4.0
4163,20.5
4672,4.5
2534,8.75
3697,16.5
5156,5.75
3058,5.49
3519,5.25
346,3.45
3911,20.75
3616,8.25
5112,5.5
4673,7.5
3739,3.3
3178,3.5
822,18.95
1121,5.75
5238,3.25
4142,4.95
3486,10.75
0,1.75
2531,4.05
5622,7.0
5872,9.44
296,18.64
4044,12.0
5798,3.4
3900,5.75
5232,4.5
5011,12.08
2973,16.0
3260,4.5
4268,3.2
4403,6.7
4410,5.5
403,2.75
2083,29.0
3923,0.6
162,6.2
3175,28.63
1673,32.95
3449,4.65
4992,7.0
5137,0.7
1409,4.75
2252,2.35
2339,4.5
3075,16.95
5168,1.5
1443,3.5
3262,5.25
4750,4.95
2039,2.8
4124,6.25
5196,4.75
3741,26.0
1812,7.95
2143,3.42
4431,3.84
3933,32.5
3319,8.5
3303,3.3
3729,3.45
5031,7.99
3297,2.25
3690,3.4
3890,5.75
5146,31.41
5757,16.95
5282,14.41
3421,11.5
1974,93.67
2010,5.4
5946,48.0
3365,6.2
166,6.25
4714,14.5
565,5.6
5916,0.7
3532,3.47
1182,2.6
342,7.66
3809,6.75
2135,10.3
2539,7.45
5119,1.17
1259,11.0
5676,2.49
561,2.3
28,9.9
1739,5.7
409,25.71
3838,11.0
4985,3.21
1123,10.75
1030,13.28
5941,3.4
4029,14.7
1946,5.79
2761,11.6
4613,4.9
3011,2.3
3246,6.2
194,2.95
171,2.75
4967,2.75
2960,4.25
4467,2.9
3747,8.0
277,3.75
680,1.55
5331,10.9
4624,4.5
6000,5.25
31,6.75
5009,68.0
1028,38.75
4043,4.8
1588,2.35
2430,2.0
3792,3.25
1242,40.0
4321,32.73
1922,2.21
57,2.07
1497,17.49
3341,25.93
5726,7.9
30,7.75
1935,11.5
2165,25.02
1094,6.5
3299,15.0
4939,8.0
3960,10.82
2862,4.9
2498,2.95
2827,17.98
3472,7.5
2588,7.5
5141,4.29
3006,18.5
652,1.96
2773,8.4
284,4.28
5162,3.5
5609,10.11
2146,4.75
5403,3.75
3908,3.65
2828,7.71
2016,2.59
5981,7.5
1601,7.8
4038,14.52
5512,48.22
557,29.5
1481,6.0
4836,3.1
79,1.3
5037,2.85
2555,6.1
828,7.14
4994,10.5
109,5.25
4842,5.35
3728,18.25
6007,2.75
684,6.5
2833,32.64
3339,4.4
3459,3.0
3939,10.75
3173,2.25
4308,7.56
5505,5.25
105,2.41
3244,17.5
1379,42.0
287,5.96
2443,3.6
5466,15.5
2571,6.61
3581,35.0
933,6.5
3269,4.38
221,3.5
5867,25.75
4164,11.31
220,8.22
522,2.55
5469,2.4
3521,25.0
4516,3.75
2075,4.0
3582,8.9
5277,3.1
5070,3.32
5106,4.06
3155,1.55
4501,8.43
5175,11.75
595,6.2
938,13.55
920,2.5
4608,18.75
3076,12.5
348,25.99
722,6.25
76,2.0
4989,18.9
2447,3.19
2771,3.95
5570,6.75
5848,35.92
3547,3.25
2473,9.32
1666,6.2
1526,7.99
1882,1.55
5424,2.95
3003,4.59
3689,3.8
3720,8.2
4449,6.54
4401,5.0
901,5.64
4760,9.48
2028,1.45
3666,3.25
1040,4.8
4876,4.95
2618,1.5
2289,5.25
5441,30.35
203,2.75
4783,5.5
4609,13.78
5610,11.54
1955,5.25
4285,2.6
2598,6.69
1475,6.1
3376,12.0
4121,16.0
5837,6.35
4640,3.75
1168,4.65
1783,5.23
4122,12.13
1366,3.34
5169,3.9
4529,5.15
1745,1.85
3568,2.11
1010,11.65
4727,7.25
1077,10.49
4630,13.9
5642,0.85
3043,55.7
4117,36.0
2074,3.15
5460,32.0
593,44.0
4201,2.9
4070,20.87
3413,5.32
4030,6.0
1105,2.69
3859,12.0
3738,4.87
5851,4.45
1363,7.55
415,7.25
844,6.25
1492,4.0
5388,7.75
4027,13.49
4486,30.5
1026,3.3
1322,3.6
1137,14.5
3307,3.1
2485,9.38
130,7.47
1240,4.35
2117,7.89
2420,16.5
951,5.83
5438,3.75
3778,2.25
2651,7.0
2003,28.5
4461,6.22
4155,8.25
4839,2.13
2235,2.85
4927,3.65
450,7.98
573,6.0
5598,4.85
3925,9.8
457,20.37
2527,1.2
424,5.45
66,1.85
1840,3.8
2094,5.25
2212,2.1
3470,5.55
4793,6.5
3067,5.85
4392,8.95
5124,3.5
4012,1.5
4847,2.75
2264,2.95
2629,7.0
905,2.85
570,3.35
3530,2.19
1978,5.95
5510,2.3
60,16.5
2220,5.99
2794,6.45
751,35.68
517,4.95
4435,2.9
5698,3.16
3363,6.11
4249,6.1
4788,24.0
204,1.5
3234,19.25
806,29.2
3079,29.8
3468,4.98
5446,7.25
1180,5.7
5839,1.4
86,13.9
4091,5.67
3134,6.9
5038,56.14
5663,3.25
2343,2.3
3740,3.0
3326,6.25
2608,2.75
3138,0.45
4767,1.1
5775,45.0
2796,9.0
367,2.9
1042,3.5
5035,2.75
4805,6.5
288,4.7
4738,1.75
1856,5.1
3325,6.75
1285,2.5
3249,3.75
2883,2.5
861,5.35
5682,3.28
2797,14.25
1632,1.6
4736,5.45
4247,17.5
2078,14.5
857,7.11
5776,22.0
4591,32.91
1875,10.1
1611,6.25
3557,13.5
5415,5.5
674,6.25
3102,3.2
253,7.17
3482,3.25
3417,9.25
2382,45.61
495,3.2
4765,6.25
3316,12.5
3002,2.8
1855,10.9
3491,3.8
5691,14.7
140,17.95
613,1.95
4134,8.02
1241,14.82
5174,3.0
5834,7.9
5211,8.14
5654,4.79
371,5.77
3431,4.11
3981,8.8
4310,1.8
52,3.3
2244,5.02
5345,13.3
5500,8.0
5386,2.85
991,8.9
5045,11.75
4585,3.21
1858,1.6
4604,3.15
1979,9.0
3422,2.3
4522,2.1
5855,3.85
5377,2.38
2409,15.0
773,1.5
4161,3.5
3832,1.5
3229,11.52
408,7.25
4695,5.75
1319,0.85
2998,15.5
5455,1.8
3186,6.08
5980,2.74
2798,7.36
973,1.25
2253,4.15
5083,3.55
5862,4.05
5931,5.25
3066,29.0
646,1.5
1866,7.12
2438,4.0
2358,4.35
5612,2.5
1112,2.5
2874,4.9
2642,8.0
2014,5.5
3355,6.62
2023,7.75
5057,3.75
1138,44.0
5501,2.71
3495,2.3
5374,23.0
635,11.25
4108,27.11
934,2.95
3727,17.65
3932,4.35
4445,17.95
3390,43.0
149,26.5
5647,2.2
2756,5.86
5503,4.5
1894,1.97
4498,4.49
5492,1.9
2296,5.64
1062,2.2
2858,6.51
2573,4.75
3447,6.1
4675,2.25
653,20.5
126,9.35
1568,41.5
4763,5.5
3596,6.5
572,8.31
4156,3.5
904,27.0
4212,6.39
352,3.75
5871,7.5
4681,2.4
4194,6.99
3327,5.1
1178,17.18
1103,12.0
29,4.0
775,17.9
2902,5.9
1233,32.25
2261,2.41
2624,4.96
2676,13.28
6005,7.43
5016,15.5
3724,13.75
3400,11.5
242,14.3
2392,9.2
2474,27.43
2251,12.9
2784,3.6
4019,3.9
3787,14.28
5334,15.5
5235,3.25
317,2.65
3448,8.25
2209,46.0
5560,5.09
5720,2.3
430,3.2
5254,7.5
5474,2.9
5155,3.45
180,6.89
1058,3.7
1187,7.2
5763,7.9
5547,11.94
5017,19.0
1261,6.45
921,7.75
3222,15.25
1415,5.5
874,12.5
4519,3.95
4286,3.76
871,2.9
3604,16.0
5036,4.25
5850,5.5
772,39.47
5792,3.2
665,3.27
5125,8.3
585,17.11
3622,21.37
983,2.5
5709,6.05
851,5.7
1005,19.0
4549,17.71
5706,9.87
4149,2.8
5743,20.67
4514,6.34
1358,2.88
4594,6.59
2518,4.25
4101,57.0
560,5.0
5310,6.9
4078,3.79
88,5.75
1910,2.05
5286,6.3
5878,3.45
4217,6.0
1185,2.3
1636,8.0
5925,2.85
888,4.25
26,4.25
4699,32.0
1561,12.6
5186,3.35
3815,4.75
5778,6.25
5208,4.95
5411,32.5
795,6.25
4953,1.5
5299,6.46
3030,15.0
147,9.9
422,2.25
372,9.49
3884,3.25
290,5.25
1764,38.0
4936,36.0
845,10.5
5856,7.95
3860,6.02
3051,56.0
3788,2.47
1373,2.85
1964,1.8
2872,3.0
5484,13.82
2695,2.4
3737,7.22
4870,6.4
2895,3.3
1591,6.15
2419,3.9
3471,10.3
2640,2.35
3711,4.5
1516,32.1
3309,13.75
2127,5.8
4301,8.85
2945,6.25
2770,6.75
2594,5.95
5970,26.76
3120,5.47
81,4.5
511,2.3
1340,2.9
797,9.75
679,7.4
5993,8.3
4482,1.6
705,7.88
3825,6.0
3830,17.75
3157,1.6
4148,1.97
301,3.89
258,5.95
5284,19.0
4905,7.0
1156,5.35
5891,2.7
2985,7.25
834,6.51
1091,3.45
5826,8.11
120,0.85
5357,7.21
1456,2.0
349,5.25
2270,22.0
1312,4.25
856,13.96
1533,5.2
4082,4.5
1496,58.73
2726,5.1
4694,8.4
4104,16.81
1431,8.01
2745,9.13
908,5.0
1460,40.88
5167,6.75
5859,20.0
5452,2.3
5769,6.94
958,4.85
5380,3.55
1073,5.75
4726,23.5
5700,3.55
5223,5.48
5966,4.7
5206,8.0
3548,9.75
5499,3.3
1541,49.0
4165,4.5
5874,24.0
4226,4.49
2845,2.8
458,36.5
519,8.0
2174,8.6
3080,3.46
1585,3.02
3377,8.5
621,2.1
893,1.9
3005,19.85
3456,7.25
1267,2.3
5412,13.85
5341,67.83
2572,13.23
1162,7.3
5728,10.24
1421,2.8
3487,6.72
1316,14.0
3419,2.15
2019,23.0
1766,6.0
151,6.25
2777,4.75
1391,4.28
4229,1.65
5430,5.5
1468,5.75
999,4.3
293,4.85
2435,6.14
1579,5.75
4151,4.75
4764,3.71
2482,14.5
4612,5.43
3931,3.8
5541,2.5
766,35.55
5212,8.45
1772,5.45
4642,3.75
4919,8.42
2305,43.0
1287,2.65
4452,19.4
5582,30.85
3987,18.5
3865,5.5
1573,8.35
3207,3.65
1521,10.5
329,5.5
5369,5.4
24,2.85
1780,3.15
2304,22.99
3641,3.5
1282,3.4
2366,7.95
518,3.3
3004,3.65
227,4.1
2121,39.45
1107,2.75
5064,8.24
5627,6.85
22,23.5
3024,10.85
2857,4.75
3340,4.25
5459,31.75
1370,3.0
649,8.1
4256,4.55
5592,15.0
1981,23.5
5136,3.9
5845,21.0
1864,38.95
82,4.82
5900,43.3
2321,4.45
3305,2.3
2245,3.1
5752,9.75
988,2.45
1656,4.65
2449,3.96
4577,13.85
5322,5.5
2829,2.8
968,1.4
2295,4.95
2006,1.99
3868,2.65
855,3.11
5456,4.41
5705,0.75
2461,6.0
1418,2.75
3017,39.75
3612,5.25
776,5.08
2524,0.95
1352,70.0
5475,2.4
4802,2.65
2619,4.5
5309,1.0
4957,0.91
5968,8.0
2318,9.8
5435,6.2
599,24.82
2178,41.6
2944,2.7
984,17.5
5034,1.55
2451,4.5
3128,2.39
5701,9.86
2346,3.5
1217,1.25
4463,5.99
5756,19.75
2306,40.0
977,2.4
4889,45.0
1314,16.57
4119,3.41
1375,9.45
2149,15.0
42,5.58
4386,1.2
3996,8.75
2330,2.19
2126,5.7
2904,11.0
5573,13.34
3959,4.2
508,4.8
1433,0.75
763,2.5
2232,3.39
2649,5.99
1695,4.6
2954,5.0
5431,8.25
944,2.15
1303,24.68
3712,30.72
259,3.75
5629,8.75
1961,9.3
5440,5.43
175,4.45
2892,3.37
2012,4.1
6009,19.75
4100,4.5
5934,5.49
2151,5.65
654,2.75
2136,7.75
2665,3.63
261,2.6
4126,6.0
2612,17.55
3360,4.0
5008,3.25
5242,37.9
4350,21.42
5200,4.99
1589,5.5
2335,1.75
3785,10.17
890,6.85
2369,1.5
2856,3.63
3202,4.3
4777,4.85
5559,12.6
609,8.5
1787,2.4
3231,4.75
1157,5.98
5293,7.65
3215,4.25
5027,26.0
4200,4.49
668,11.31
615,17.5
5651,4.0
2048,3.6
4590,9.75
343,7.15
5365,7.5
2176,5.55
4956,33.64
2733,6.75
3745,11.39
5117,13.99
3458,6.0
5416,65.81
5576,5.75
5104,2.69
1644,5.75
3129,3.25
3439,3.1
5461,21.0
3589,1.3
1982,6.35
6018,2.5
4460,1.8
3736,5.8
1940,3.0
6017,2.65
757,3.25
1362,3.6
2824,3.29
894,3.6
4018,2.5
976,3.3
4901,4.25
4758,3.71
4814,15.75
391,32.0
1567,3.08
4322,21.5
761,1.6
2362,6.0
3913,1.89
4582,2.5
6008,45.0
4238,2.61
5632,7.9
2464,4.5
701,16.5
207,3.0
2269,5.65
4214,2.5
1353,7.9
1733,8.34
282,70.36
902,23.99
5039,10.0
1152,3.0
1203,5.9
411,19.0
1592,5.45
2334,22.5
5099,2.81
2471,2.8
5032,6.95
1220,23.0
1437,9.2
1445,4.25
2416,3.8
4433,3.6
1215,3.95
675,9.25
2322,0.75
5419,11.99
1620,4.0
3257,6.75
246,8.09
4620,2.7
2793,11.88
3883,5.5
3500,21.26
4049,1.99
4158,9.0
1065,20.5
4456,1.11
1405,5.45
3154,3.1
2774,8.25
5955,15.5
428,1.2
4654,7.2
3060,6.25
5994,3.25
2302,12.34
543,4.85
5739,6.6
1793,5.0
998,4.5
2894,9.9
325,21.95
3771,6.95
3440,7.34
1658,7.78
1074,8.73
2528,36.75
4242,5.53
1395,3.0
896,13.5
3295,2.8
5633,4.5
5336,4.69
1134,16.5
2303,1.5
4211,5.42
1754,4.25
419,2.25
4305,4.8
4809,4.25
3283,4.17
566,29.98
1823,8.9
392,62.81
5000,5.3
4251,34.5
4534,3.0
3393,2.5
3399,4.35
1213,3.25
5281,5.15
1977,6.09
1769,5.1
4668,12.5
3323,2.25
3503,4.1
3875,6.5
5239,29.0
3781,5.27
4980,7.57
2096,1.93
5820,2.5
5081,5.98
4910,4.5
4562,2.9
1357,3.15
4712,0.9
3564,3.3
2967,4.8
2381,8.3
670,6.0
3686,4.4
3279,3.32
1870,10.85
738,6.25
2701,4.58
3517,14.5
1557,7.0
2490,5.95
2368,6.0
3994,48.76
3241,8.25
4316,10.9
2383,4.45
1724,30.48
5992,6.25
5514,7.5
1507,3.0
121,16.75
4902,8.85
3199,26.5
5712,1.25
1953,13.35
2647,7.5
1790,1.3
4064,4.34
294,6.7
1130,5.04
3800,7.0
4860,2.65
1839,5.35
2992,2.87
2981,2.35
362,3.25
2952,2.7
318,10.6
3014,47.7
3272,10.5
3074,4.9
5205,5.75
2162,2.25
2324,5.0
3898,5.3
2009,5.0
790,2.35
3680,7.5
1092,3.3
142,5.43
5021,5.7
3347,6.93
569,5.0
3401,4.75
2396,4.25
5052,3.6
1154,5.0
1425,8.25
1944,13.75
4405,3.75
3252,7.25
597,5.45
1743,2.75
3732,5.25
3477,11.6
114,3.35
1335,8.75
711,19.0
4260,6.2
2160,11.6
571,4.45
1868,10.35
1447,3.5
2338,4.5
1938,3.15
2821,8.19
1315,5.75
3125,3.1
3286,2.59
5852,6.85
5658,0.69
3516,2.1
815,4.55
4774,2.75
2657,2.65
5646,6.9
4710,2.8
4616,5.1
2990,9.25
4971,10.75
3605,2.75
1410,7.85
3050,1.1
2032,2.49
124,3.23
5714,2.5
728,8.5
2116,2.15
25,4.25
5511,5.65
2673,15.5
2877,7.46
1413,28.75
1527,3.0
4751,4.75
3435,4.5
4780,10.8
2549,4.9
677,2.3
2102,2.2
2051,2.1
5935,3.1
3705,50.97
4942,24.37
4006,3.7
2386,3.75
4526,13.5
3123,1.38
3121,2.45
4543,4.25
3624,16.09
4360,68.94
464,4.4
5601,28.75
3510,11.45
2812,5.55
4755,42.0
2150,14.5
821,13.9
4730,0.85
303,12.69
1068,2.6
3354,3.33
5884,4.65
2493,38.5
4057,21.5
3107,2.9
5903,9.95
4799,5.56
2499,10.49
3204,6.91
5883,5.8
4520,9.75
2876,24.0
688,7.99
5376,9.48
592,16.5
3837,3.0
3045,37.5
4197,2.87
3927,8.25
3098,7.9
2836,2.0
4178,6.9
690,3.95
1548,29.98
164,4.42
3126,5.49
3509,9.18
72,3.48
4559,17.51
3108,4.25
4592,16.75
1566,8.75
5275,4.11
3918,24.99
374,20.0
4464,6.0
3879,5.95
3938,2.7
4067,38.0
418,70.99
3958,3.84
4661,20.99
447,2.65
5784,3.05
4072,5.95
3630,14.35
1059,2.45
455,3.5
2073,34.0
5744,6.5
2744,3.9
2148,3.69
425,12.03
4595,31.93
3597,3.71
3673,5.95
4233,32.73
192,2.6
4290,1.0
3351,4.5
3081,4.0
2215,3.95
2699,27.5
5157,2.75
4638,4.0
1545,23.5
5472,2.75
1747,4.74
694,29.0
3899,18.25
667,6.3
5329,1.49
2481,1.65
5985,3.88
4303,4.89
5209,14.4
4434,3.9
4304,6.25
2180,6.5
928,2.29
4775,7.85
965,9.45
628,20.5
4420,16.58
3893,2.6
2982,14.76
664,1.5
4048,3.5
632,29.5
163,7.9
5926,0.55
2387,7.65
3493,6.0
5428,16.36
4,17.74
5643,0.8
2175,4.0
3544,20.0
3388,5.84
915,3.0
174,19.0
4443,0.99
5561,24.5
299,26.78
3653,7.54
98,4.45
5279,4.8
4698,17.25
2691,5.1
2086,5.89
3735,14.2
2538,1.15
799,4.1
4271,3.55
3478,6.95
4421,11.0
5012,7.48
1128,14.45
2223,1.3
5132,15.75
3332,3.49
324,1.8
5939,8.4
3213,4.15
5291,8.15
687,6.0
5471,8.25
4914,46.95
167,2.1
2260,17.5
3366,6.15
520,2.79
2591,5.4
4071,3.1
387,3.75
5634,4.0
5066,6.5
3733,1.1
2384,7.85
55,3.99
3576,5.1
878,3.25
4060,4.88
4203,6.0
4969,7.09
1469,2.0
1371,5.75
2106,19.0
2034,6.25
1051,3.8
5193,4.15
4734,2.9
2454,10.25
5824,2.45
2131,4.55
2627,2.75
2274,5.4
5715,11.66
2694,3.41
4001,6.25
3096,24.63
2354,2.85
997,8.08
4430,3.1
3382,28.0
2791,3.49
2389,16.52
532,5.6
5335,6.9
4735,15.96
3480,5.5
4575,8.0
5664,1.95
5434,8.2
4888,5.25
1821,2.65
5816,3.0
123,2.45
5958,4.68
2656,1.0
4277,13.0
4615,25.5
4061,40.5
2765,4.5
3053,3.0
1388,4.85
584,13.5
4177,6.55
5904,7.35
4983,3.25
5678,4.15
4966,12.5
4995,10.09
5198,7.25
2169,5.5
1841,17.25
5207,4.41
1553,5.9
1327,5.8
2407,5.9
5746,1.45
5808,3.8
5306,1.1
5817,5.75
234,2.5
2201,10.0
1184,11.57
718,17.0
5236,6.25
3634,5.1
716,3.51
4977,2.2
771,15.65
4955,2.85
4274,7.96
3889,4.95
4555,21.0
4276,5.85
5166,27.0
217,2.9
5753,6.0
1192,25.0
5620,5.99
1811,5.89
749,26.5
4921,5.75
4045,6.25
2951,3.78
4454,4.35
1963,23.5
4475,5.25
4784,2.75
5131,3.8
306,20.26
446,7.1
1833,2.5
1211,12.25
2425,3.12
5143,9.65
5300,4.0
4623,2.49
4173,7.98
2863,20.57
2080,5.45
2099,5.25
2818,7.83
3963,1.0
5991,4.8
2692,10.3
3986,6.46
2736,9.0
3061,1.51
1170,2.95
4732,5.1
3040,5.36
5680,4.75
5391,6.2
2111,56.73
1209,38.0
2331,4.25
3540,44.5
5758,6.8
5298,7.09
3679,36.0
2193,24.36
1069,3.85
3416,3.0
5054,3.6
5595,24.75
53,3.85
2602,2.61
2799,4.4
1607,3.25
526,6.37
5470,11.5
278,8.5
2456,3.5
3336,3.0
2484,28.0
3730,23.75
4930,5.21
4619,3.9
4279,4.75
4821,47.5
3015,6.43
3867,24.51
4373,16.5
979,3.1
1515,13.48
5942,6.5
6013,4.83
1593,2.3
2125,2.5
3308,12.75
4428,3.3
5828,5.85
1937,1.59
5397,25.0
3225,6.42
2552,5.4
1789,5.49
270,1.65
4868,16.25
2038,1.99
4336,7.75
3756,0.8
4198,3.25
3289,29.0
4185,60.95
5847,14.95
647,0.8
5090,5.5
1551,2.35
5879,11.85
827,2.75
4873,6.95
4974,4.7
4650,10.0
4626,6.9
398,16.5
2395,20.5
640,35.84
3219,8.5
1915,7.48
887,9.75
3849,3.25
5007,4.35
1020,2.5
2140,8.1
2986,10.69
212,5.95
4236,21.66
1999,5.0
1798,5.1
3442,6.45
2769,1.75
5225,5.15
3743,7.5
4671,7.65
2053,6.99
4769,3.7
4135,3.75
4678,6.5
2394,2.75
427,28.5
1021,4.75
610,10.7
3886,6.58
1667,2.35
1994,7.12
3704,5.64
5226,9.0
3861,2.57
1098,2.8
4499,12.99
467,3.26
3972,5.1
733,1.75
5263,2.95
2709,5.47
4728,11.88
3386,5.75
4569,8.75
2291,2.0
2495,3.75
2415,4.12
3944,3.0
3534,2.85
4051,3.25
5504,18.75
3179,5.0
5827,7.75
3389,16.5
3646,7.95
2741,1.2
1520,4.5
5568,35.84
5531,7.8
2961,4.34
2737,0.7
3610,9.9
3078,4.68
4291,4.5
2487,1.7
3103,1.75
268,2.0
4396,5.2
2363,6.34
4822,1.22
1254,3.65
2778,8.79
1802,5.5
2054,6.36
2984,3.65
1253,2.0
5996,30.54
577,1.5
1916,5.5
2404,3.2
2865,2.0
5248,4.15
1956,3.75
4084,6.5
4662,4.25
1957,6.32
5,2.35
4991,5.5
5420,29.99
416,0.8
5324,4.25
3902,0.9
347,3.55
3263,1.2
1676,4.86
768,1.94
4259,1.4
4404,25.0
463,6.5
3797,22.75
3783,6.2
4324,5.5
4660,16.25
2411,11.5
4502,47.5
5920,4.74
205,19.9
4363,3.7
3769,13.5
1777,5.75
4657,52.0
2636,5.91
3585,5.25
5217,3.0
6003,4.0
2742,19.5
5997,2.27
337,1.4
4458,11.0
1034,11.0
3768,2.75
2543,19.5
1131,8.5
3160,2.45
4215,2.35
752,31.94
3209,4.51
5311,16.75
2189,12.0
2540,3.5
1221,1.35
2069,9.0
2597,1.12
5409,2.6
717,19.5
4302,2.15
5108,4.6
4988,48.0
5078,9.88
5486,6.2
1082,2.75
1879,3.25
5635,4.75
514,3.76
5395,9.73
4935,14.0
5767,9.6
4488,13.51
1853,3.25
1679,4.5
5901,6.5
3827,2.5
1125,3.89
5960,2.8
2468,4.45
1738,9.2
4691,90.0
5623,10.95
3957,3.07
1013,4.3
1911,3.3
2806,4.11
1268,14.35
4237,2.99
1544,7.29
588,5.75
5801,5.2
5489,7.25
2739,3.54
5015,1.6
4186,4.44
1706,4.0
978,2.0
3116,8.61
4572,3.79
2964,6.15
3742,2.9
5517,3.5
1446,11.75
459,48.91
2307,1.2
4652,3.59
4497,23.58
1517,6.17
2922,6.0
536,10.75
4272,2.65
6006,10.75
2070,2.1
5218,29.0
183,1.25
837,4.58
1430,32.44
3891,6.6
4478,3.0
4224,1.75
1206,7.75
5864,8.25
831,7.3
4379,11.0
590,4.75
604,9.45
3463,6.16
942,6.5
3466,7.75
3541,4.65
4933,28.0
3197,10.5
1224,0.77
1295,5.55
2815,5.5
1750,4.9
1813,2.75
1150,13.25
3010,2.3
361,2.75
4739,9.75
3430,3.75
322,3.7
1604,4.0
1106,27.5
975,31.15
5215,7.72
1518,5.5
3887,19.5
12,5.6
2663,4.9
1647,4.95
2921,2.5
2238,3.0
4578,13.5
1972,13.0
32,12.5
2198,3.5
4790,36.0
5932,2.8
1461,27.0
503,32.0
2933,11.75
3205,9.75
5919,100.0
3915,3.95
4947,5.65
4779,19.9
3298,8.89
3623,1.75
3766,8.0
2983,2.25
2620,2.5
3171,3.9
3632,21.9
5165,3.95
2227,6.63
3578,5.74
1814,6.25
3036,4.95
3322,6.25
669,6.16
1996,2.75
2043,5.9
2654,18.46
165,13.5
1263,5.5
4491,4.45
4326,1.55
5659,4.65
1763,4.55
866,50.29
5086,5.5
2740,4.25
2781,1.55
1141,11.44
5988,4.25
2748,14.79
4852,1.9
2236,18.5
3775,4.15
3226,2.5
2864,4.76
2905,15.5
4205,5.49
3588,1.8
2768,5.5
4602,16.0
4849,5.7
2100,32.0
899,32.0
579,6.12
177,8.35
3820,2.15
4644,6.14
4013,15.9
4447,5.66
4154,4.5
1093,51.0
739,3.4
4556,7.95
747,1.15
4196,11.49
351,2.05
591,3.3
5269,7.5
5240,5.53
2684,3.75
1918,13.19
235,19.64
1015,6.75
1300,12.0
5355,3.8
453,3.85
2915,5.85
184,4.2
2115,1.0
3848,2.6
5368,5.25
3232,13.54
1406,6.0
3967,6.5
5147,6.0
4313,5.5
5811,5.5
3211,3.7
4614,70.0
2271,5.95
5540,13.39
3603,3.5
2946,13.28
471,14.45
3638,9.5
476,4.5
1136,3.9
1426,5.95
5453,0.75
2616,5.25
462,5.25
3772,6.75
5107,49.0
4757,10.99
1280,2.3
2607,11.5
4500,2.8
5228,1.2
1583,72.94
4225,8.2
620,3.95
2290,5.22
5274,3.35
3725,3.0
3822,3.5
2211,14.5
2783,7.52
4438,3.5
5244,4.55
1190,1.95
1063,3.6
889,3.2
4532,3.95
1848,6.58
3153,6.69
1624,2.1
2959,16.9
648,0.75
2653,5.5
3479,3.5
3514,12.5
5603,72.0
4768,4.72
2897,12.5
5812,6.19
34,6.98
5528,2.5
4415,6.25
3721,1.1
912,3.61
3174,3.9
2956,2.85
3760,11.5
3089,3.5
2681,6.0
2309,13.9
5234,1.65
1725,8.2
2255,2.65
2801,4.28
252,3.7
2317,4.95
4786,3.2
5665,4.0
254,1.75
80,3.75
3930,5.95
1359,2.15
2013,6.76
2776,7.5
1629,2.5
1081,3.25
5204,2.9
2600,2.25
3533,3.25
2678,3.36
4926,13.25
373,12.95
5921,36.0
2535,4.79
4747,2.75
4317,4.07
5910,1.3
809,8.5
5220,5.37
2025,3.75
5618,42.75
1736,3.3
3469,9.75
4666,5.35
862,4.5
3988,2.7
804,4.75
2734,4.5
2172,11.73
2971,2.5
699,1.2
4679,3.15
117,6.55
4643,22.0
2683,4.99
3240,3.15
3270,7.9
3999,18.0
1176,2.25
2109,24.5
5599,27.0
2221,3.05
5399,4.8
4510,19.9
4745,11.95
5085,2.19
636,10.79
5383,1.1
2704,5.0
1467,6.85
4424,3.65
477,6.8
1559,3.81
3871,4.25
102,3.95
4034,11.25
5773,2.6
1097,6.01
1489,4.0
2749,2.35
4388,48.0
1441,9.35
3259,27.0
155,4.23
4880,3.01
5947,8.0
3094,2.0
4597,1.9
643,9.19
3922,1.6
4833,10.0
4843,3.9
5583,17.15
1991,17.02
2935,14.22
2509,56.5
657,9.25
4220,7.75
5187,5.5
2152,2.5
858,6.9
3874,8.9
4635,7.59
1382,1.69
1394,14.49
4997,12.0
1947,30.5
4010,2.7
5674,17.08
127,3.25
494,5.5
2545,7.57
1785,4.4
2719,2.99
2181,1.2
3161,31.55
3092,5.0
5516,61.25
2529,10.0
2722,7.9
1066,4.25
3452,3.99
188,4.6
1529,6.69
90,5.0
611,12.0
4723,5.75
5542,18.36
2310,7.85
1584,11.0
1011,4.15
5093,6.3
1403,3.5
737,2.0
181,1.45
5535,85.0
4176,3.2
2120,7.53
4834,4.0
3607,12.5
3626,3.56
1512,4.25
2979,5.7
4670,11.25
4382,26.0
1801,1.38
4137,2.25
3674,4.3
3749,3.9
4649,8.9
160,7.11
3780,4.0
1482,8.9
1099,4.0
3709,5.5
2659,75.0
1993,2.95
1564,3.25
2107,5.8
1501,16.5
5614,6.85
964,9.95
5738,5.5
730,19.86
3285,5.45
146,4.75
875,19.92
5245,2.65
2866,9.92
1212,3.8
5772,11.0
5192,3.41
3291,11.99
981,1.05
4476,17.0
2786,10.5
1202,1.55
4081,3.85
909,6.46
1891,3.75
2686,7.2
607,5.8
4234,26.0
886,35.0
5436,16.75
3880,7.1
198,4.5
292,1.35
5171,9.44
1525,7.7
38,28.0
5507,6.0
5506,3.2
5652,16.0
4058,35.0
2688,17.55
4606,1.2
3,6.0
781,4.08
4053,1.5
2154,5.49
111,3.91
1768,2.75
4656,1.7
5590,1.95
562,17.0
5371,5.8
1466,12.4
2455,30.0
116,20.0
500,2.6
2700,3.5
5084,6.24
2789,7.76
5390,4.95
2237,5.99
1498,1.95
4114,6.95
472,2.5
2605,0.5
1407,15.49
335,1.5
1990,4.25
4564,3.9
2247,3.59
4077,1.81
2564,5.17
1657,4.75
5527,4.57
4845,8.75
2809,1.59
3977,1.3
2974,6.15
1752,5.99
3700,5.84
4762,10.9
5418,5.7
1929,18.0
5398,5.59
5408,4.45
2855,33.13
1071,4.55
787,8.25
3946,6.0
5974,5.75
4771,12.25
1090,14.5
1572,4.3
1663,2.74
5443,3.59
1147,10.46
3968,3.0
1795,5.22
2492,3.8
1171,3.0
6012,9.48
71,9.65
3159,4.75
5962,1.7
2532,22.0
2708,7.25
2195,3.6
3531,6.89
693,55.54
2044,14.5
3937,5.45
2584,4.52
4120,26.5
1806,1.95
2467,7.7
5144,3.75
3247,4.67
767,7.75
2556,4.95
1428,3.15
3453,45.73
1039,17.75
1045,5.88
645,12.5
4536,1.35
1305,29.5
2103,3.7
1387,5.1
3685,18.0
1508,28.79
842,41.5
4831,3.95
860,5.5
601,20.0
4943,9.72
1193,2.65
4633,3.0
4262,5.6
4625,4.5
2222,2.4
201,9.0
3819,4.75
3141,10.0
835,4.25
3873,4.3
122,10.95
1228,1.1
2848,3.25
5569,3.0
274,0.55
5476,4.75
51,4.25
5385,13.5
746,23.5
4328,8.4
5230,7.69
475,5.5
3572,39.84
4227,26.5
491,15.5
3609,2.7
5103,8.5
2763,17.92
1626,10.6
1488,2.65
868,5.57
1925,39.47
3356,5.75
5029,4.85
4254,5.49
2997,3.0
5722,4.4
452,2.25
3598,5.0
1873,7.65
2301,5.21
2963,28.45
4552,9.25
3850,3.85
3647,5.49
2929,22.5
864,32.8
5153,22.0
2287,2.2
4958,2.42
4340,6.25
407,27.95
2320,2.99
1070,3.48
3748,7.11
5295,2.3
2137,3.2
2682,9.18
4166,56.0
2820,3.55
3535,25.64
340,7.5
5687,3.0
1808,8.31
1818,3.5
3212,12.99
4972,9.45
1535,6.99
5854,5.07
741,7.75
4584,6.64
1304,3.67
4865,5.77
3364,3.75
2814,2.65
5684,7.39
3206,4.0
575,1.4
814,3.5
1709,5.44
4651,5.55
5273,0.85
179,1.5
5264,15.21
3779,4.56
133,2.6
5101,3.3
5524,10.0
3042,2.95
5760,2.95
7,17.5
2908,2.0
5703,7.99
4899,18.5
3552,5.95
3200,1.4
4720,2.45
3485,1.55
5191,32.9
993,16.56
3934,3.0
107,24.0
4230,2.49
5447,24.46
2606,5.75
4116,6.18
3877,4.25
1907,3.65
5312,25.49
4776,2.95
5058,6.17
3132,2.02
380,9.48
1229,2.0
1435,7.75
2347,6.35
5221,6.55
27,2.75
4993,41.75
5556,3.25
3046,4.07
5982,13.5
2076,4.45
73,6.92
1144,30.42
420,5.5
1775,2.9
5429,9.95
4167,5.2
3104,3.38
5061,4.25
332,6.15
1127,3.11
4417,27.0
1486,5.25
2639,4.6
5929,4.3
1326,5.75
5130,1.09
3371,4.75
311,44.0
623,3.85
233,6.8
2628,3.4
4754,3.01
5321,2.9
2491,1.5
2510,21.0
2614,6.95
2920,17.65
3786,4.5
4112,3.7
5260,4.9
4976,6.25
176,23.0
2412,6.2
3965,5.4
5978,5.3
1966,4.74
2826,4.99
2173,9.5
5348,10.0
880,5.0
4204,31.0
4299,9.44
3133,5.8
5771,6.0
4273,17.85
2557,2.5
3668,3.45
4300,4.45
91,16.5
1457,2.4
872,3.68
2036,9.45
3914,4.0
4085,2.6
4692,6.51
1272,18.9
4024,6.17
3318,8.75
5065,5.99
3559,9.5
302,2.1
2844,1.24
957,30.0
5797,2.35
3692,1.49
5189,16.25
1605,13.0
2371,3.9
3464,3.5
5791,38.76
5188,5.25
77,4.5
953,5.85
1002,5.37
1633,7.54
4459,3.9
4150,2.65
3657,6.45
1046,13.5
5292,3.22
1637,24.74
216,45.0
2049,6.0
5789,3.8
4407,5.1
4022,4.95
3420,3.05
5893,1.75
5278,33.5
2300,4.6
4900,2.4
2888,3.65
5426,1.3
1351,6.93
2927,4.25
3313,8.87
2790,7.46
3208,10.75
1083,7.35
808,4.95
4990,3.6
4494,5.41
3028,28.88
554,4.9
4282,32.52
2199,25.0
2067,2.4
2021,10.75
2326,9.69
3555,22.2
308,2.5
4327,29.0
624,9.0
5666,6.85
1688,5.39
2900,20.0
238,6.27
3808,7.99
2239,3.6
2311,54.45
4893,58.54
1668,24.5
23,1.87
2632,6.5
4770,24.85
3993,12.49
2942,3.99
3047,2.99
659,23.89
948,4.2
3149,9.24
1513,34.5
2472,8.47
3654,3.65
2923,8.25
869,5.9
3853,3.25
4722,29.5
310,57.0
619,16.75
5788,4.8
1018,8.51
3023,7.49
2861,6.4
4183,2.6
1252,6.57
3167,4.0
2698,8.2
681,6.0
5356,2.7
3701,5.75
1483,18.0
918,58.0
3941,0.95
197,3.25
3131,1.85
260,3.75
3130,5.65
3525,3.5
2241,6.26
4293,5.76
2210,3.4
5615,2.97
1528,4.0
3007,6.95
5843,0.75
2158,4.5
2896,50.5
1214,6.4
774,8.85
3998,2.9
5909,21.5
1969,6.3
1720,5.64
3881,1.25
710,7.5
1286,4.85
87,2.25
1249,4.5
3828,3.87
2231,5.11
187,7.5
5001,7.22
1117,22.0
2329,5.11
4074,9.25
5911,5.9
4530,32.0
4309,6.82
2962,17.0
1742,6.1
2325,4.7
2515,44.0
876,6.75
3818,5.4
967,1.8
2177,2.5
936,2.85
5675,2.8
4159,6.75
4343,0.85
3731,5.45
2249,3.8
5313,35.5
5401,6.5
2893,6.95
891,4.5
4540,2.89
533,2.85
3602,2.95
5138,5.9
5265,6.3
3052,3.5
3218,39.75
4210,29.0
4851,1.75
1007,6.2
3380,9.25
655,75.0
5515,2.6
1089,5.25
1434,5.0
5344,5.5
3613,7.75
1044,25.0
5669,8.99
3191,17.5
793,5.2
811,5.5
4307,7.25
4241,5.5
1824,17.45
2732,4.3
3928,3.75
5276,25.51
3026,6.3
5002,32.57
2141,2.35
5765,2.75
4871,6.95
5433,4.01
1284,1.99
626,12.46
3398,24.25
250,3.5
379,3.2
4533,1.5
5160,6.87
1590,6.75
231,3.32
2622,6.5
4094,3.35
448,2.5
2475,6.5
1194,69.5
2285,4.65
439,2.0
5546,6.3
5550,12.53
5835,7.2
1191,6.55
2913,2.9
4244,6.85
5042,25.81
2279,11.03
3467,6.6
4647,11.75
5340,3.85
393,3.25
5294,30.0
3324,25.75
1599,4.0
1308,43.0
5457,2.0
1072,7.0
1248,4.8
316,2.85
3714,6.99
2582,3.55
134,54.0
6004,2.2
4515,4.5
5881,3.7
2912,8.5
3251,6.5
2755,3.74
2081,8.9
2712,3.42
4218,3.5
622,4.29
2999,2.8
4206,5.86
1490,12.5
4740,4.75
4563,3.16
3020,1.75
4253,3.15
1857,2.2
1912,2.25
2191,6.5
5041,7.5
5025,5.95
5953,2.51
5543,5.95
4546,6.5
4182,5.0
4376,6.21
1014,2.25
2124,7.74
637,5.9
3661,35.28
1361,3.6
5364,4.69
2917,7.36
3465,4.5
5055,3.05
1132,15.65
499,4.25
853,10.99
4932,4.72
3764,7.85
2880,6.8
2889,5.86
2142,1.8
3239,4.65
5553,9.95
4471,8.08
1700,4.25
1861,14.4
4368,2.0
2268,5.35
1299,34.0
1612,1.15
1133,5.65
3639,3.85
2655,2.4
1523,5.45
2886,3.4
1602,1.3
5362,25.75
2410,9.0
2819,0.85
3546,6.21
4014,5.2
1476,21.94
3294,1.8
4297,13.5
4369,3.89
2890,10.44
2401,23.65
78,11.75
2207,4.5
1757,2.99
4172,3.9
3396,1.8
3027,6.75
4199,3.5
877,6.96
3009,3.75
2696,5.6
1719,3.99
5821,5.35
3306,13.69
4742,22.0
3791,6.5
1803,7.25
2808,64.95
2132,3.9
3707,4.85
4042,3.95
3505,2.6
4095,25.02
2679,4.25
3008,2.85
1399,10.5
4089,7.32
323,2.8
926,40.0
754,9.9
1033,6.99
552,2.2
3917,7.0
3878,16.46
1344,3.41
3115,26.0
4361,4.1
5832,5.5
704,25.46
2907,75.0
760,1.8
5616,4.75
2408,7.75
280,3.26
1997,12.0
3882,2.5
594,4.39
714,8.5
580,10.88
3901,3.35
2208,4.3
4175,2.25
170,3.65
4655,2.98
4855,16.0
4208,7.7
2145,31.99
1420,25.0
1613,7.8
112,2.15
4041,8.3
4056,10.5
1536,5.0
2512,3.83
2402,6.5
5565,6.5
980,5.09
1822,4.7
1334,19.5
1715,7.5
370,8.25
3842,9.9
2065,2.1
3256,5.9
2575,5.5
4621,2.95
3940,5.8
2664,8.0
5046,6.58
1419,1.35
3163,27.36
1816,6.27
1687,8.37
1080,3.95
989,13.8
1939,8.5
5842,10.48
3823,5.85
5251,7.25
1885,79.0
1652,38.0
44,8.85
69,10.5
1989,3.95
5729,5.35
1404,2.59
267,13.75
3068,2.21
1680,3.22
5177,6.5
5068,8.0
5067,58.91
5026,2.69
1383,1.8
2479,3.85
5439,3.5
5783,3.3
567,7.39
1846,6.5
1945,8.29
1784,6.01
1408,12.5
222,1.25
5326,7.25
3655,16.0
3973,4.9
3975,34.0
1085,8.77
4352,5.21
816,7.75
5608,3.1
5290,6.3
152,30.0
386,1.95
1243,6.15
501,3.43
1114,6.85
4381,6.4
5914,2.25
5319,6.5
2450,0.82
404,53.83
3648,6.95
2563,21.69
1740,8.48
1048,4.9
596,24.22
5770,9.45
2634,0.8
5498,3.45
4062,6.55
4141,2.85
937,2.1
3665,3.41
4174,4.3
223,3.7
631,0.65
3703,1.05
5887,10.25
5686,11.0
4772,3.9
5100,17.5
2523,34.51
143,1.67
2068,2.65
1393,6.2
449,7.53
1189,6.0
941,59.72
4441,45.0
93,5.5
5366,16.5
2,4.5
1172,5.95
2280,3.5
4696,1.11
339,2.25
3236,13.0
228,35.67
4129,7.52
1175,11.37
3041,6.35
3836,41.5
2164,4.25
2731,3.0
3343,25.12
479,7.0
4337,5.41
4639,2.95
5793,3.5
1310,4.5
1718,3.6
2595,6.97
5617,7.38
5089,14.0
3659,5.95
145,2.85
271,45.77
3672,8.25
2898,20.5
982,7.0
3542,3.6
5894,13.2
1342,7.05
4898,4.25
3529,3.91
1396,2.25
2843,5.18
2167,4.4
4948,29.95
556,3.8
2138,4.85
825,6.45
5080,2.75
5373,5.6
2718,4.4
870,9.43
1524,9.25
2711,35.98
1163,1.25
2753,3.65
5330,3.65
182,33.5
4589,3.87
3983,9.03
1454,6.02
3392,8.9
5123,3.9
5216,8.0
4402,6.95
4610,4.0
2511,4.0
5149,10.91
3483,7.72
5120,4.5
1262,15.75
2837,9.46
4507,9.5
962,39.5
3954,1.25
4239,8.25
1581,6.5
4118,5.81
794,5.85
4025,3.45
1773,9.29
507,4.25
3919,4.5
5972,1.39
2667,4.25
2465,16.75
3237,3.99
709,3.5
2879,25.0
2442,3.0
5600,3.0
2502,5.25
1703,16.5
3945,15.0
5649,5.6
4002,5.45
3636,1.6
3019,6.98
2494,2.15
285,3.57
4677,4.18
4332,5.35
3757,5.6
5870,3.71
5181,4.52
4090,6.5
1744,8.0
1230,6.5
4144,2.4
4586,1.55
2599,5.9
2459,8.99
4525,7.21
4812,6.85
5473,1.4
2345,5.8
1336,67.0
75,29.5
2949,1.4
2931,4.3
2911,4.8
1219,12.5
2648,8.0
5094,40.47
56,3.3
4429,18.25
4803,5.85
4676,27.0
434,13.37
4512,4.16
3985,4.9
4063,29.64
4841,13.95
401,28.0
5977,1.0
3628,6.86
990,5.85
3671,4.25
2825,4.41
3223,2.25
992,5.15
4138,3.55
273,12.8
2674,3.0
2112,9.95
5145,1.1
1511,16.0
3095,6.35
5619,3.65
110,19.25
2671,3.41
2916,23.91
3235,20.0
2508,2.0
243,6.9
1788,5.71
5182,8.0
5890,7.75
4951,2.11
581,3.5
4076,6.13
5079,8.78
2930,3.3
4384,3.1
2772,4.2
4442,1.8
3652,3.51
5875,35.0
663,8.9
900,8.07
4663,7.2
4330,2.35
4481,15.5
2063,4.15
1297,2.6
3314,6.5
3971,4.25
1796,3.8
1012,16.5
3651,6.99
2767,59.29
4345,50.22
4252,4.01
2687,29.5
4422,2.8
4719,10.9
1761,4.0
4583,3.0
1386,45.86
1549,6.73
548,6.75
1019,1.85
480,33.5
2842,3.25
1277,4.9
3587,9.22
132,5.81
1364,4.7
4858,43.0
3677,8.36
3990,5.35
4973,2.9
1495,5.0
5315,4.88
1653,6.25
266,4.35
939,20.5
2266,11.0
528,5.75
5063,11.85
4416,33.0
3947,7.65
2522,4.0
2079,8.41
3844,5.25
1024,6.33
1805,5.25
2155,3.55
5302,49.79
5280,3.49
2265,1.02
838,7.5
5957,1.76
846,7.25
3888,6.14
3872,1.1
2197,2.5
3835,4.38
3381,8.61
85,3.25
5557,34.0
1819,35.0
5134,2.75
219,26.0
2186,4.0
4365,4.75
3507,9.15
802,56.0
4073,0.86
377,16.5
3090,4.45
1786,12.75
1459,2.9
2721,6.63
4702,7.32
461,5.99
1311,3.49
4123,1.8
2391,6.75
2822,28.0
3445,0.99
863,4.75
1580,1.65
3438,3.25
4231,5.4
5802,1.85
3969,6.9
5247,25.72
3268,59.65
5668,1.99
4892,5.69
5853,5.5
1343,17.5
744,3.8
4653,11.13
2190,29.6
3708,14.5
3817,6.95
4097,7.09
1338,4.99
2633,5.49
2001,2.2
2550,5.95
1645,3.4
426,8.5
103,9.8
1196,2.1
1797,7.27
2542,3.15
5795,4.75
5777,4.9
4867,4.95
5780,2.6
3455,3.5
3684,7.75
2881,8.59
540,13.25
2514,1.36
5318,10.23
236,7.0
922,4.15
524,37.56
3834,17.0
3804,3.45
5195,11.5
4065,6.22
2085,5.4
5170,6.55
4107,3.25
2560,7.99
496,4.0
3580,32.0
950,4.8
4907,10.0
3716,6.57
4266,5.44
1983,3.4
2489,2.75
3625,4.1
1904,18.49
4483,7.25
1167,3.0
2705,2.25
251,1.8
852,1.75
3522,2.66
41,1.53
451,39.0
5969,5.45
805,5.6
1908,15.5
1975,3.3
470,8.26
5400,5.45
786,15.8
5378,3.8
995,16.0
358,2.7
139,3.95
5892,1.3
1895,1.4
4554,27.0
5354,3.8
1685,2.25
4748,5.85
1770,6.75
3328,10.75
466,2.95
2365,1.67
5304,35.0
4160,5.4
350,2.9
4794,9.4
2730,5.39
5704,6.5
832,2.75
5387,2.13
3620,5.0
843,4.4
3803,3.51
3245,4.31
5006,5.91
1204,18.98
1560,4.5
206,10.0
1320,13.95
1317,2.5
1247,6.24
1976,1.51
4032,3.5
1003,1.75
1615,7.56
43,4.74
5287,2.4
438,1.45
5114,3.0
1817,8.65
4496,8.25
2400,7.25
64,2.5
4866,3.1
4908,3.53
4222,22.5
3617,7.58
1571,2.6
1037,26.5
1519,9.15
1455,4.5
5328,29.5
4162,2.6
1883,4.7
5257,3.5
59,2.25
5660,6.49
5072,8.95
3144,16.8
1971,5.0
178,22.95
1713,0.44
2123,8.65
3512,5.53
3770,9.99
1552,16.13
2214,3.0
2775,3.31
3049,7.49
4000,1.8
4628,2.21
3595,1.95
5538,17.75
1439,9.6
2029,4.12
5566,12.15
3921,3.95
5831,16.5
1195,14.0
1800,2.9
972,4.94
1892,10.97
2703,3.25
819,23.99
546,9.51
943,7.5
1369,2.5
3912,12.5
5151,3.9
656,2.8
3574,19.5
485,3.0
1450,4.9
5069,4.64
3189,1.2
4928,5.25
2217,6.53
3434,22.5
2533,27.87
4466,19.94
189,4.04
2113,5.5
3228,0.5
4665,4.25
3457,1.6
5479,4.5
5210,2.95
1872,2.9
5782,29.0
510,2.25
1732,2.2
2372,2.35
5111,3.75
1850,2.0
74,6.46
5526,8.75
4648,24.0
4216,4.65
1173,4.0
3368,2.15
4444,4.8
1884,7.07
5908,8.0
2122,5.84
2530,17.89
4607,4.1
1759,30.8
2729,3.9
9,1.95
5343,3.0
3454,5.27
2453,5.5
589,19.0
2996,2.6
4911,4.9
859,7.77
4348,9.75
2332,14.5
3905,18.75
307,1.5
4221,2.93
4055,27.5
5721,6.0
2623,18.0
4113,6.75
341,2.8
1052,8.95
1,12.5
2910,8.2
209,11.96
1696,5.5
1124,2.99
2658,5.96
4877,9.62
5810,6.95
3563,7.99
1108,2.8
3397,2.25
265,18.0
4031,34.18
3569,6.25
2283,7.5
3055,2.25
5402,4.35
2878,9.6
5813,6.0
1453,6.69
291,28.0
5735,3.19
2388,4.9
1576,3.85
136,1.6
2041,4.3
5759,0.99
2807,18.75
3196,35.5
841,10.75
1218,3.65
5933,4.35
4125,2.75
5648,4.0
5159,7.5
3734,2.9
3013,3.49
5733,3.62
5224,6.51
1641,3.0
1337,8.4
5885,15.0
3696,3.5
5912,9.5
4811,9.66
4744,0.95
2002,41.0
618,8.9
5266,6.69
4448,3.1
5465,3.85
683,4.7
157,2.5
2968,2.3
3140,5.27
4813,23.68
5611,1.0
3885,5.0
4797,4.5
5405,32.0
5690,4.11
2156,10.75
3114,6.75
484,2.75
3706,29.95
3062,34.88
534,8.36
3292,7.9
2846,5.23
5303,4.8
2205,4.5
4005,6.45
2088,4.0
3475,6.8
3649,1.0
2804,4.29
4617,6.7
5838,7.8
3035,1.95
1276,1.5
4984,16.27
5233,4.9
5338,3.75
1288,27.35
1686,8.0
4477,3.5
456,8.92
1778,13.12
4716,5.0
141,3.7
1129,8.7
801,13.54
5163,5.85
2488,17.85
1578,7.0
15,15.0
2203,6.45
5296,22.0
6010,3.2
907,3.3
5421,9.5
5800,9.0
919,8.65
100,3.8
4560,6.8
3950,4.65
3813,3.75
4026,3.2
1755,40.0
2520,16.61
5183,6.26
5907,11.86
3087,13.08
2875,5.4
3203,8.95
5222,7.0
2975,4.05
4169,3.6
295,3.1
2941,3.2
5944,6.0
1804,6.98
5050,1.0
3359,2.0
239,18.12
1734,4.35
895,21.8
5673,36.76
4484,3.25
1275,5.1
4916,6.75
2795,50.0
5558,30.37
2417,2.7
5589,15.0
5745,37.98
3753,4.61
1794,9.0
4474,3.9
5564,21.33
2399,2.41
3084,9.5
4086,15.0
3411,3.11
1542,9.25
4318,18.0
5448,3.9
2501,6.45
5010,5.5
3146,5.84
2884,13.9
778,22.75
3451,4.4
4470,3.3
5860,10.36
2091,8.0
608,44.56
154,8.5
2380,8.11
1845,0.9
2263,29.93
1574,24.9
5496,4.25
3765,5.3
3145,1.99
1264,19.03
678,5.25
1920,5.75
736,8.15
2375,2.05
4385,5.95
5532,3.61
1950,3.3
3111,3.85
161,10.9
5013,5.5
4245,17.09
3091,2.35
338,3.4
4190,8.5
3025,3.5
2242,13.7
4781,1.75
1753,2.4
305,20.77
5481,5.5
1799,29.0
969,7.25
5637,3.47
3577,6.8
4219,7.0
3710,3.2
4631,1.46
435,25.82
1931,2.45
1694,3.96
3139,4.64
2617,4.25
3192,2.1
3461,8.99
4737,23.86
3515,15.5
3261,14.5
4743,14.14
1927,2.6
3528,19.48
3083,5.87
1017,5.39
4792,11.0
3583,4.0
2727,5.9
1807,24.5
3974,3.6
1429,5.75
3402,4.99
5005,3.75
2323,5.0
813,2.3
2256,2.25
2281,6.3
1862,3.6
1165,2.71
5229,12.5
970,3.6
5444,1.9
2466,17.5
5732,5.35
5044,11.0
5451,5.0
482,4.24
1717,5.0
4923,3.5
1540,9.85
818,23.29
3166,5.5
2706,51.52
5370,3.9
4931,6.3
1554,3.9
2849,1.5
3443,10.75
2448,6.2
2090,3.94
3678,3.85
2988,5.1
1279,1.15
1225,0.9
1582,7.5
4823,3.65
4574,13.25
2559,4.4
5062,3.75
3644,18.5
3903,5.5
4191,23.75
359,3.5
4323,2.5
3538,4.75
911,1.52
731,4.9
5815,9.46
3217,7.7
748,2.2
4685,7.64
5520,4.25
410,29.67
4848,8.0
4480,6.0
2092,4.1
5737,7.67
1029,7.99
5696,17.55
3059,6.67
2292,9.18
5584,4.55
625,4.5
1126,11.73
2576,9.47
4869,52.54
4940,9.8
5508,3.14
5509,2.55
2914,6.5
4457,5.5
3845,5.77
3864,7.75
5197,3.5
4724,5.0
691,4.38
3330,5.95
2803,6.99
5677,8.85
5796,4.5
3511,2.1
498,4.15
1952,5.5
2702,10.34
2005,17.5
3151,25.31
84,3.11
3656,1.4
4818,5.29
3280,4.94
4524,8.9
2697,1.0
2570,12.6
1095,3.65
4320,7.5
3717,17.5
1906,4.75
5711,5.5
2581,4.5
3916,7.85
2615,2.4
16,5.4
1146,3.5
3631,9.5
5880,16.14
1346,5.68
210,3.25
682,5.9
742,3.2
2031,10.25
2286,7.58
2333,5.65
4523,16.42
423,24.5
4795,37.92
4147,6.67
3106,4.7
3018,4.0
3476,3.0
5670,6.5
2184,3.9
4548,4.75
2157,11.0
5710,2.15
3118,2.8
5786,3.75
1598,7.5
5477,44.76
4872,0.85
2578,2.2
836,6.21
6,3.5
5122,20.5
2047,7.6
314,3.13
5075,29.0
931,8.25
885,5.5
3311,5.25
4080,3.6
4418,5.21
2037,4.8
4800,22.0
4395,17.5
550,3.29
5381,6.35
1412,4.0
1465,3.39
1438,5.05
4389,21.99
1278,2.9
2871,4.29
756,8.46
3699,3.25
4987,6.5
839,2.1
5951,7.25
2340,8.0
3432,4.25
4700,3.45
4859,5.38
1522,5.37
5554,4.2
4838,4.29
4439,7.0
5866,4.4
4861,3.3
3233,23.41
2918,17.25
3894,6.5
344,3.5
5462,2.75
2254,22.58
5717,3.1
190,10.31
1367,9.1
3183,14.36
5956,11.5
442,7.7
2601,4.5
321,4.45
5965,16.0
2229,14.21
3833,5.0
4844,2.8
764,6.7
3029,14.23
3955,16.0
4394,14.6
405,4.95
5869,2.1
3054,6.1
4703,4.4
5544,11.0
1113,51.35
1302,21.56
3248,3.32
5588,3.55
3806,1.45
2955,7.0
881,5.5
1307,2.9
3444,27.75
4333,5.25
700,4.31
286,3.11
2561,10.99
2735,2.75
5725,6.95
1562,48.0
1847,19.41
4281,3.0
2168,4.95
4209,9.47
1843,1.95
2669,30.27
639,5.7
3876,3.5
83,2.8
5323,31.0
1025,2.47
4473,6.5
1462,7.5
1828,27.75
1748,5.63
5360,5.75
1266,2.4
3869,2.1
2764,3.6
1760,5.85
5697,10.25
4066,2.25
2851,4.5
115,11.11
5585,7.4
2066,6.95
2397,6.0
3687,8.27
4598,3.55
1887,3.25
2785,4.73
5493,3.09
3346,4.33
454,13.5
2780,1.6
4705,4.12
959,6.93
2486,4.78
2835,35.0
3839,14.0
2267,3.5
3713,3.5
5809,2.5
4284,19.6
2710,31.0
583,33.0
5794,12.25
5574,7.9
5022,26.0
1057,7.25
2480,6.0
1448,7.5
5952,3.0
2787,34.54
445,13.77
3345,2.4
4682,4.25
1480,2.48
2446,45.0
5219,4.11
1487,2.95
1965,12.5
4334,5.87
441,3.75
3856,9.0
3723,2.45
2008,16.5
5148,5.55
5913,4.5
5423,23.0
144,13.49
1142,1.75
2161,33.63
5897,4.5
2119,6.0
4380,7.19
384,37.0
2544,15.0
304,2.58
4479,4.87
2596,3.2
1791,8.5
1836,2.1
2685,2.5
2592,3.15
3227,5.75
1499,3.0
1655,10.75
118,7.0
5074,7.9
5990,0.6
443,3.35
3254,7.34
1086,3.42
5018,8.4
4690,8.5
850,18.6
574,5.25
276,7.0
2277,10.75
4975,7.11
5301,11.0
4075,2.25
954,6.21
3796,1.85
2854,4.35
429,5.75
3338,6.14
2660,27.15
33,11.5
2452,3.55
1122,9.19
1936,7.3
4115,2.78
5572,7.5
1384,3.2
1619,2.2
465,4.6
3350,4.9
1509,5.45
4287,4.75
3695,11.5
3545,16.0
1231,9.45
4263,9.5
2110,3.25
2873,6.5
5353,7.4
5351,2.44
1651,7.08
5053,11.5
1539,2.9
2707,8.62
1207,13.9
788,8.5
70,14.5
5442,7.99
2225,7.2
4105,21.5
634,3.5
5176,3.29
4378,5.95
5133,5.27
5950,21.75
4706,19.5
4347,10.05
5249,7.23
2316,5.0
3070,3.0
3110,5.34
5948,2.45
1244,11.25
1255,6.95
444,2.6
5923,22.99
1381,11.5
5059,9.05
3643,2.6
128,5.25
2838,39.0
1329,4.39
945,8.44
1731,2.1
3984,3.25
3331,2.4
3016,4.5
4007,3.49
3057,4.95
2098,4.3
5868,29.52
2516,3.26
1135,2.0
4558,33.75
4544,6.17
789,15.54
1506,2.15
3683,5.9
4733,12.5
5333,6.11
1881,4.3
612,2.44
4047,7.5
5818,4.41
5984,13.25
3550,12.0
2360,5.0
5819,3.7
5940,5.9
2470,33.66
5937,6.4
5349,2.95
191,55.76
5227,2.75
2497,5.0
1838,2.0
2342,4.1
263,2.8
3481,5.65
3494,5.5
5708,9.5
1985,21.6
2553,23.45
2248,4.65
2609,31.5
1896,7.27
173,6.5
1569,7.0
2134,31.0
388,2.5
4079,160.0
1702,10.95
4372,7.03
3831,3.75
5020,4.25
2061,19.05
5049,15.0
3691,4.7
5641,8.41
4354,2.65
2637,6.44
4357,33.0
4364,9.06
1424,8.0
61,2.75
2586,20.04
1064,1.92
1296,13.5
4547,4.25
4922,9.75
1714,2.75
1642,6.75
3767,9.43
1166,3.6
2496,8.95
3436,0.9
4550,5.85
1951,1.75
1474,8.7
3147,36.15
824,3.15
1614,4.5
5040,1.25
5129,4.63
4503,8.95
553,6.5
5755,1.75
383,11.77
4807,7.25
3329,5.7
2352,7.95
2033,3.85
3031,5.8
4954,4.67
1201,3.35
696,6.99
3181,3.45
1237,21.0
4140,2.66
963,10.0
4981,7.9
3127,9.51
5139,9.58
3310,6.75
2213,3.65
1684,6.5
94,8.1
1153,0.99
506,18.5
1767,6.95
614,4.35
1076,29.5
3855,5.31
4688,8.22
4192,2.74
932,9.14
3989,4.6
5995,7.75
2554,1.9
2436,2.85
4195,2.25
1809,36.0
1897,4.0
241,7.2
3554,5.25
5605,4.5
2262,4.45
2993,17.75
5927,45.52
4599,9.25
629,2.9
1926,22.24
5695,5.75
5591,2.3
46,4.25
5347,3.35
660,12.75
3148,25.7
2750,3.1
2406,23.0
2462,18.25
5748,7.9
1109,6.45
45,10.11
92,39.58
2924,44.83
432,6.58
3936,5.0
48,3.85
529,13.0
4846,19.5
2437,3.25
156,3.5
2393,3.0
3858,7.35
1245,32.0
4258,2.15
996,1.45
4103,5.25
1810,5.5
779,1.46
4789,6.25
582,6.15
4810,26.0
1000,2.6
4136,11.75
135,11.5
5091,1.2
1140,19.75
1260,32.5
1600,7.73
4440,8.7
1385,1.5
2743,12.0
5126,2.5
1530,4.25
1697,3.25
5110,5.6
214,4.22
5861,1.85
4924,30.0
1032,14.01
1411,6.0
3976,8.25
2936,4.2
4152,16.11
1701,12.25
3953,8.25
2426,1.65
616,2.9
1451,27.0
5640,5.65
985,2.1
5463,2.64
4568,4.5
2567,3.12
1096,7.25
37,4.85
5071,2.78
5363,16.59
4036,4.27
131,13.25
4970,19.99
671,5.43
5214,6.5
4749,6.25
2413,5.92
5491,5.3
4721,2.5
1298,4.5
5671,9.27
2947,3.7
3274,6.0
1923,8.09
1423,6.35
726,9.1
4531,3.25
1555,1.5
5679,10.0
5502,2.7
5863,48.5
2885,20.0
3851,7.5
5051,1.65
2312,4.75
3591,5.99
2429,39.22
2188,5.05
2641,7.21
3660,3.9
5552,27.0
1283,1.7
4746,2.5
2760,2.1
2030,17.11
5060,4.05
2546,4.4
196,3.55
5537,3.3
3594,3.25
5930,4.8
3920,1.25
4243,1.1
215,10.5
6011,4.75
5943,1.7
3904,3.99
651,37.93
1084,4.7
2105,2.41
5596,2.6
3504,2.01
925,11.5
1056,7.94
3682,5.5
5896,6.37
1726,7.55
1547,3.1
5047,4.8
1762,14.12
1998,3.67
3187,5.0
4329,6.5
1558,7.23
4715,5.9
3162,10.25
5888,2.7
3863,12.63
4408,2.45
3277,23.8
4878,6.79
1623,2.0
283,2.95
1781,10.4
1832,2.7
381,4.0
2230,3.0
1061,12.0
1198,5.68
5734,6.25
5650,2.2
873,21.67
5530,20.11
366,3.25
3210,49.22
4579,25.0
4996,3.0
2097,21.0
2693,5.7
3321,1.6
3693,4.5
1505,97.07
488,13.5
2026,3.75
644,23.5
3287,12.01
1269,3.5
2390,14.05
4432,2.44
5468,1.26
3807,2.2
2759,7.5
3344,4.45
357,27.3
4713,5.65
4611,4.33
4588,4.0
820,1.79
468,2.22
5076,3.25
2206,3.4
1470,0.9
3379,4.25
3942,0.63
4265,3.31
1179,6.5
2841,14.5
5707,6.36
4542,3.97
3266,48.0
2071,2.5
692,2.75
5350,6.75
4785,13.0
2537,53.11
1670,3.65
2604,35.0
5823,13.0
4406,3.75
4897,3.25
1427,19.92
521,45.64
971,1.2
4130,12.49
4359,12.83
2250,12.5
1716,2.5
1664,3.5
4979,9.3
3407,16.77
2626,8.5
5761,42.83
3599,1.99
791,4.32
5998,2.96
974,4.8
5727,29.3
5092,5.3
1226,18.0
4295,1.9
5425,4.9
5372,30.5
2288,21.0
5346,23.0
5483,4.56
4016,3.31
3038,20.99
1901,10.55
4753,4.5
3250,4.7
2350,5.5
4832,3.65
1730,4.4
1577,23.25
4998,4.91
840,4.09
1458,1.2
3022,23.5
1174,2.5
390,4.65
4725,4.62
4819,2.25
4054,7.0
4904,12.75
4409,3.25
2364,22.0
3385,7.53
578,8.12
6016,2.9
4601,36.64
2850,2.85
2668,4.24
3361,9.5
4267,7.56
5959,4.0
1087,2.5
650,9.75
2246,5.5
2128,36.5
2060,25.0
2980,2.85
4693,4.65
1648,3.49
3793,5.85
1634,6.84
3702,10.0
1118,5.19
1962,12.0
2689,12.0
3502,6.0
3676,6.41
275,7.15
1227,19.0
3826,2.23
1705,3.7
5987,5.11
5213,12.5
1751,2.65
249,8.45
2926,1.9
1223,3.4
792,3.9
724,5.25
4978,8.86
2319,78.8
5575,6.98
5764,2.3
3113,4.2
4874,3.45
4835,4.75
5961,8.25
3970,4.0
3629,6.6
2958,4.9
3300,5.65
3795,25.71
1328,5.72
3524,5.1
2643,3.5
1325,5.29
1532,22.55
3185,3.0
5606,6.25
4292,17.23
3242,65.0
368,2.9
3621,4.65
5283,4.75
4506,4.75
5636,7.65
4806,0.85
2093,6.25
879,8.65
4111,2.55
1919,3.85
5267,9.5
516,27.5
1355,14.4
2200,1.75
4887,10.19
4319,2.95
1436,2.6
2379,3.5
1036,2.3
5494,9.5
113,20.75
882,2.6
193,8.5
5445,4.7
4553,12.75
542,6.75
2348,8.85
666,18.0
3176,7.25
3301,7.0
211,4.75
2940,6.5
2832,5.0
3498,4.25
4270,17.0
2183,2.74
289,6.9
256,18.65
4450,13.2
5562,7.97
5096,25.0
3490,10.49
1889,5.9
4436,3.5
487,4.8
2934,4.25
4180,11.45
2373,2.65
3746,7.02
1943,23.0
3619,6.25
719,43.35
1047,4.6
3105,5.75
568,19.0
1251,2.75
5332,4.3
4658,0.95
5844,1.3
1728,4.15
4046,2.5
3650,4.45
1016,9.4
2216,6.75
5873,1.2
4306,1.8
5513,3.0
5253,17.25
5115,2.95
3782,9.11
2938,18.5
4387,52.0
138,6.0
1877,19.65
1669,6.0
707,30.0
3527,5.55
4106,8.5
4492,2.75
4375,23.19
817,5.25
3320,2.21
1216,3.57
2405,6.42
3048,7.9
4605,4.35
2766,7.4
3847,7.45
5661,2.9
4393,4.75
5895,1.0
4423,37.99
2610,4.92
3551,0.8
226,8.92
5594,5.0
5555,2.0
1289,6.9
5480,4.25
4826,3.46
3072,2.95
1984,93.0
1835,3.95
4028,24.5
1834,3.9
826,4.25
1776,5.25
1397,43.78
2834,6.5
36,8.63
62,26.7
2977,5.49
4351,0.7
378,26.0
3846,1.95
4139,38.15
1208,1.35
431,9.89
6002,3.25
1678,7.06
68,8.15
4157,8.5
4088,12.99
3979,3.75
1849,2.1
2129,9.5
2957,4.25
3978,39.05
4128,5.2
5736,5.5
1721,12.0
2906,5.75
4603,5.38
661,4.15
4711,4.8
3109,14.5
721,3.52
3590,31.75
20,18.55
5024,3.0
326,49.0
3561,6.54
5689,2.83
1293,4.9
1643,1.4
1672,2.1
5317,3.45
2548,1.6
3910,8.7
5799,10.0
1992,6.5
2800,3.1
4778,30.0
2315,4.65
3907,16.45
3037,8.25
598,44.0
2058,6.7
4729,2.25
3221,0.8
5529,1.75
5806,3.4
4092,3.0
2022,6.29
4246,4.93
3428,16.68
627,4.65
1368,6.17
1183,2.45
1008,3.8
2293,1.74
713,4.7
884,2.7
4096,26.11
1698,6.25
3000,2.5
1273,5.4
4816,6.99
1711,0.9
673,7.5
1903,1.6
966,28.25
2308,2.9
330,2.95
225,2.65
2192,4.75
5172,10.77
3224,4.85
1151,16.0
35,1.85
2887,5.5
523,1.0
4952,1.49
2870,4.94
4830,0.8
2328,65.0
4683,9.31
1933,3.15
2717,3.35
5936,6.5
3293,6.25
440,4.7
2943,5.45
5485,5.65
658,3.0
2525,2.2
2536,11.92
3956,7.4
1986,4.0
1422,2.45
5325,5.48
2625,3.25
1324,6.06
3852,11.5
4565,1.95
2007,6.64
2052,5.2
5375,5.15
1546,2.6
4451,56.8
3586,2.6
1491,3.25
2882,5.29
389,34.5
5252,14.29
2724,4.95
3387,4.15
4636,1.99
2645,1.74
4840,1.1
2723,7.0
2831,12.49
1271,1.6
4278,2.65
1851,3.7
2185,8.0
5774,1.95
2577,1.95
3614,2.46
150,23.32
5077,5.9
4641,2.5
3071,3.75
1934,8.2
3150,7.65
5846,2.3
5539,35.0
1331,4.83
4963,2.9
3566,4.19
2476,9.5
3499,10.94
4437,3.5
947,5.48
3267,4.45
2297,6.9
1646,4.89
5261,3.69
1949,4.45
5822,3.65
4495,8.55
695,6.6
3571,5.2
5724,5.7
4358,2.2
5742,4.5
4949,3.0
1756,2.7
1333,4.5
4766,4.9
3156,6.84
2969,4.75
1239,17.0
4825,11.5
5467,1.9
2040,22.0
2445,21.75
1941,21.0
5150,7.25
4945,10.5
4312,2.8
3190,18.0
4311,11.5
5657,0.51
5534,4.6
2817,7.1
5882,4.0
1575,13.75
2385,3.1
3854,1.5
2004,5.49
1610,9.28
4707,6.2
4511,4.0
3798,8.32
3065,10.4
2621,1.55
5924,10.08
2994,4.5
2995,2.95
95,3.5
3681,5.7
385,8.75
725,11.0
2224,6.71
5518,28.95
4632,6.0
4708,45.0
740,3.19
3353,5.8
2500,1.85
4033,2.15
4669,7.5
2444,3.7
1995,11.25
3758,5.35
4875,2.75
755,15.46
3492,18.5
2179,7.41
587,5.95
848,3.95
2587,6.5
1232,4.0
2299,17.0
3484,12.0
3843,2.05
396,11.0
3892,5.72
5945,11.9
3895,6.1
3814,29.5
2603,11.5
1831,6.5
2259,21.0
531,10.49
5829,4.29
4127,11.56
4890,2.7
810,4.5
4576,5.8
18,6.34
672,4.65
4068,2.15
1987,5.5
4035,2.0
1349,30.0
5525,35.0
4425,6.0
1960,2.1
2055,11.62
4684,2.39
1587,3.24
3488,28.55
4453,1.65
4718,4.25
4269,5.53
1313,1.9
4039,16.85
1932,8.99
1060,1.5
1543,3.75
3640,10.64
3100,8.25
5272,11.78
4366,6.6
549,29.4
1257,7.0
4353,7.5
2202,7.75
1689,37.3
104,2.7
4581,19.0
3719,9.99
486,3.55
1867,7.52
4704,47.35
5702,45.0
2313,3.25
4411,3.77
2441,2.19
3600,4.25
1463,1.5
1380,5.67
395,3.91
5014,3.5
169,33.66
2672,2.78
1905,9.96
4132,6.25
5450,3.65
129,7.25
3033,1.15
796,17.63
715,17.0
4709,0.85
1238,4.65
1494,5.8
3369,3.75
5320,6.15
2276,42.5
3409,3.65
5056,6.0
5127,2.65
4637,3.8
5983,2.2
3302,2.95
4235,2.5
5393,2.25
4240,12.5
505,3.6
4377,45.82
3405,13.99
2353,6.16
686,7.1
5095,16.1
1442,2.6
729,3.1
4941,2.7
5653,12.6
807,6.35
3752,70.66
5597,3.75
1712,3.95
5337,3.19
400,28.0
1177,3.1
5551,3.75
3462,1.85
4752,2.55
2077,1.5
5098,2.65
4535,1.99
1292,9.2
5154,3.38
2757,39.62
1281,5.99
5297,3.28
2675,2.3
5339,8.6
328,1.4
4629,0.55
5807,5.84
4344,13.65
4325,7.5
545,2.85
2566,6.75
3688,4.75
5628,10.5
1270,11.97
5607,11.5
4925,35.0
67,35.67
1356,13.5
4634,3.5
4896,3.25
3935,19.0
3082,4.5
89,2.1
4342,8.85
3214,4.4
2541,70.15
3348,4.25
3698,3.9
2631,14.25
4856,32.78
4513,38.0
5549,11.0
5488,8.5
1377,7.75
4697,3.93
3805,3.75
1639,36.0
4181,6.37
5973,4.7
5967,5.94
4020,3.85
5577,2.65
960,2.6
2463,7.75
5989,16.52
4294,4.32
2062,4.5
2275,8.45
3429,5.0
949,7.2
4184,1.9
3821,0.9
849,12.07
4960,2.8
3841,8.7
1023,5.5
3142,3.95
3857,3.59
2341,28.9
2611,3.52
1345,1.3
159,11.25
2782,5.85
5639,2.95
2357,26.0
5413,8.76
1765,2.9
2635,1.99
2228,7.5
4782,19.25
2970,5.0
2507,2.2
1886,5.75
4701,23.0
4341,3.47
363,3.25
3773,5.5
281,4.21
5963,14.85
1603,4.42
513,12.25
2716,7.33
313,2.05
1258,24.0
3137,22.75
3801,3.45
4414,4.9
3565,8.75
1161,6.85
5003,2.75
1661,2.35
537,3.85
3093,28.0
5804,5.11
4950,6.0
1158,3.5
2478,4.2
2847,0.45
2517,8.0
5087,2.1
5751,22.0
2939,2.4
5999,4.0
1485,8.99
1514,2.6
5766,6.71
5563,2.9
360,6.2
4469,5.99
2440,6.96
3926,5.91
4083,8.61
3606,6.95
320,8.25
3450,9.75
2899,14.5
3172,5.6
490,3.99
1830,64.87
4686,6.21
2367,9.74
5692,25.0
3056,5.95
3358,3.5
3143,3.38
3333,4.0
4541,10.5
257,1.85
3335,3.95
1504,8.27
264,61.29
504,6.25
247,18.5
956,3.7
4567,9.0
865,0.7
1321,1.6
1854,5.53
5256,8.9
5497,2.95
4179,2.95
3317,16.8
4982,5.65
812,6.56
2558,3.48
5118,60.75
224,39.41
3276,1.5
4023,5.75
3776,6.5
5258,6.1
3135,5.35
4886,2.4
4527,65.0
1139,5.0
2840,6.15
4170,3.3
5578,2.49
2738,2.55
547,18.5
5352,5.85
1722,0.7
5109,3.96
119,7.5
1729,6.2
4257,1.5
1054,4.5
1376,6.75
5203,6.9
4427,5.4
5928,7.29
3966,12.0
1874,6.4
1348,4.0
4862,34.0
5938,6.22
4674,7.1
3077,5.0
63,10.0
3195,8.65
1169,9.5
2278,1.65
5581,8.0
5482,6.95
2011,2.99
2376,2.95
2652,35.0
3424,4.75
3220,7.0
676,3.15
1143,5.6
4787,5.84
4213,2.75
354,0.95
2104,11.27
1570,11.5
2762,19.25
5917,16.0
5841,8.5
2118,10.25
638,5.12
780,2.05
2646,6.8
4884,5.5
4959,3.25
3437,1.85
630,1.45
3165,4.25
994,1.65
2585,12.75
1116,9.23
1078,64.0
1199,5.55
5645,4.5
4815,3.5
2018,8.5
1556,6.95
5030,8.39
765,1.2
4153,19.0
4383,4.5
54,3.6
2045,2.4
5787,13.25
218,8.9
5836,3.65
4946,3.9
5971,3.5
2925,10.5
2662,6.7
2670,14.25
1104,38.94
3168,4.65
4964,15.0
5268,2.65
3593,1.5
5250,2.6
923,10.85
3513,3.75
4346,7.75
5779,6.1
2234,2.35
3750,2.15
4168,5.25
3991,2.3
924,5.53
3253,8.94
3715,3.45
4968,5.0
5886,6.8
512,13.56
1737,5.04
2046,2.11
777,6.25
4518,5.0
1416,1.59
1660,2.99
2433,2.25
1350,1.8
3615,3.96
4627,20.72
5427,4.25
4412,49.24
2166,3.95
734,2.9
770,3.8
65,13.5
2378,6.68
5180,4.95
3573,4.45
829,2.44
3584,19.46
5602,14.49
1159,4.77
5655,3.65
2423,17.99
3122,21.5
606,6.9
148,37.0
327,62.67
1893,24.94
3375,4.35
5922,5.54
3560,4.8
3816,11.5
1826,6.22
698,1.28
3296,4.9
5255,4.35
782,4.55
300,8.26
5458,5.55
5899,4.99
2159,8.42
1898,4.75
5762,21.5
5803,38.0
2361,3.67
4489,5.43
4399,6.75
3496,8.7
5178,3.8
4537,13.5
2650,12.9
1608,3.87
539,9.6
2050,7.45
5656,6.83
1055,4.15
1210,11.6
1609,8.25
4413,3.04
4986,3.9
4999,2.0
4264,2.21
1869,7.0
5626,17.08
2666,4.8
3404,2.35
3001,5.75
4864,6.83
1417,6.22
5593,3.15
5152,3.95
4009,9.0
1477,22.0
1164,8.25
5747,2.95
1942,7.75
892,3.55
1444,4.26
3567,30.77
867,10.99
3117,1.46
4773,6.28
1682,4.53
1049,5.25
1102,5.35
2204,10.0
3777,4.11
4400,2.35
5672,6.99
1160,5.45
2950,3.5
750,10.65
4570,11.5
515,8.58
1628,0.45
5185,3.65
5073,21.95
4557,4.5
3829,9.5
1354,2.78
4909,1.35
5262,3.98
535,1.0
